{"type": "FeatureCollection", "features": [{"type": "Feature", "geometry": {"type": "MultiPolygon", "coordinates": [[[[12.302682501216161, 41.93201666809024], [12.405523774609737, 41.95591611209657], [12.51307648331978, 41.98091045390822], [12.591974226608638, 41.89776870061325], [12.578824602727162, 41.82186852359833], [12.462915493498318, 41.67478727878937], [12.394848856432684, 41.72954901333513], [12.176507207439702, 41.8688252422649], [12.302682501216161, 41.93201666809024]]]]}, "properties": {"period_year": -500, "label": "Rome"}}, {"type": "Feature", "geometry": {"type": "MultiPolygon", "coordinates": [[[[12.340487669875401, 42.35735020823878], [12.421362781624545, 42.29179035541503], [12.905921496778879, 41.898992158752044], [13.260961341578733, 41.82064358900425], [13.234662093815784, 41.466887726818946], [13.786946296837781, 41.30903977418198], [14.076238022230257, 41.081462261526056], [14.391828995385683, 41.00211946067144], [14.306908817373913, 40.85218695416614], [14.23999598930622, 40.8529430257863], [14.050873789294013, 40.76751288052263], [13.941878351671942, 40.99803503628435], [13.852500948412665, 41.09095724697771], [13.797006639940985, 41.193446718413256], [13.760507236067033, 41.20669841656926], [13.498390230639227, 41.301864229399584], [13.32910725781167, 41.31109494888881], [13.271446260912665, 41.31423910732927], [12.976777109606513, 41.3713756429738], [12.641516718371161, 41.53109701748552], [12.394848856432684, 41.72954901333513], [11.963433298571356, 42.00474127407732], [11.960132972273149, 42.00737273979235], [11.906327435778827, 42.05027377798392], [12.077495192245877, 42.162709614550955], [12.340487669875401, 42.35735020823878]]]]}, "properties": {"period_year": -400, "label": "Roman Republic"}}, {"type": "Feature", "geometry": {"type": "MultiPolygon", "coordinates": [[[[13.84288436374953, 41.65621579724902], [14.112380537909267, 41.38671962308929], [14.050873789294013, 40.76751288052263], [13.941878351671942, 40.99803503628435], [13.852500948412665, 41.09095724697771], [13.797006639940985, 41.193446718413256], [13.760507236067033, 41.20669841656926], [13.498390230639227, 41.301864229399584], [13.32910725781167, 41.31109494888881], [13.271446260912665, 41.31423910732927], [12.976777109606513, 41.3713756429738], [12.641516718371161, 41.53109701748552], [12.394848856432684, 41.72954901333513], [11.963433298571356, 42.00474127407732], [11.960132972273149, 42.00737273979235], [11.49736503074909, 42.37635382290544], [11.10476306389118, 42.54908331509294], [11.215296665692112, 43.40794092928731], [12.345063311197979, 42.65476316561672], [13.777394410283835, 43.18279491137832], [13.791634592516669, 43.123344026762865], [13.80967867933036, 43.086719770094646], [13.915090593798407, 42.87276419277849], [14.076401988771625, 42.633776395633475], [14.092769655688056, 42.60952719326677], [14.404933008654364, 42.35311087246599], [14.429446711338755, 42.326661124424014], [14.519309076769598, 42.229701601225756], [14.719955477221259, 42.1417613851613], [14.738527330858954, 42.0471568929738], [14.922405275805243, 41.97177084561052], [15.448605570299872, 41.8567272054738], [16.012843164904364, 41.904323183257006], [16.187411341173895, 41.84086187954607], [16.19841483543659, 41.74566992397966], [15.989146265490302, 41.63464697476091], [15.873253855211981, 41.50214346523943], [15.99104407737995, 41.40614279385271], [16.420268091662177, 41.2787242757863], [15.940538153775282, 41.047196159789685], [13.621086891075686, 42.49402754965611], [12.808743534423776, 42.34564301679952], [13.84288436374953, 41.65621579724902]]]]}, "properties": {"period_year": -300, "label": "Roman Republic"}}, {"type": "Feature", "geometry": {"type": "MultiPolygon", "coordinates": [[[[16.19841483543659, 41.74566992397966], [15.989146265490302, 41.63464697476091], [15.873253855211981, 41.50214346523943], [15.99104407737995, 41.40614279385271], [16.420268091662177, 41.2787242757863], [16.945963892443427, 41.09381445522966], [17.258607996659602, 40.955994251860766], [17.319272074206122, 40.929252229887865], [18.033919367296942, 40.59665258999529], [18.059941324694403, 40.513534151274584], [18.383612665636786, 40.30775030728044], [18.522648844225653, 40.09413107510271], [18.43367865989948, 39.89840658779802], [18.36491874168659, 39.746722780424975], [18.160130533678778, 39.873134218413256], [18.017067942126044, 39.947894655424975], [17.967745813830145, 40.16689261074724], [17.84960463951374, 40.243495546538256], [17.61914924095417, 40.28783758755388], [17.401650461657294, 40.29192694302263], [17.20417121361042, 40.397941194731615], [17.242802652819403, 40.49576147671404], [17.084080728991278, 40.525111757475756], [16.94871238182331, 40.48109015103044], [16.844130548937567, 40.36313589688005], [16.727564844591864, 40.18360479946794], [16.60441306541706, 40.08990820522966], [16.623852762682684, 39.96775396938982], [16.535006556017645, 39.83156546230974], [16.532101664049872, 39.69751318569841], [16.87398627708698, 39.54365118618669], [17.1490698189571, 39.4218021261281], [17.107419046862372, 39.28047140713396], [17.120997461779364, 39.08602102871599], [17.180712732775458, 39.022208772856615], [17.09468940208698, 38.915023409087084], [16.797699961169013, 38.92585714932146], [16.613329920275458, 38.82732733364763], [16.522202524645575, 38.7250247823781], [16.572001490099677, 38.457118593413256], [16.330693277819403, 38.32074316616716], [16.052943262560614, 37.93117483730974], [15.785237345202216, 37.9097057210988], [15.710227045519598, 37.94143637295427], [15.627475771410712, 38.004211031157396], [15.626577410204657, 38.2330814230031], [15.790868792040595, 38.29639776821794], [15.933466944201239, 38.539916597563646], [15.82730010460163, 38.622733675200365], [15.989846262438544, 38.73476370449724], [16.152209314806708, 38.70126684780779], [16.212225946886786, 38.777953706938646], [16.17720893333698, 38.93099173184099], [16.08256247947956, 39.01247366543474], [15.98955253074909, 39.42835196133318], [15.846514350404568, 39.62985800103884], [15.824671778185614, 39.660628877837084], [15.75702193687702, 39.93362768765154], [15.666200670702704, 40.09186133022966], [15.515924486620673, 40.06594809170427], [15.43203357170368, 39.988971315581225], [15.027263674242743, 40.2121959554738], [14.89867118309284, 40.24145849819841], [14.992320093615302, 40.372218691069506], [14.95100501487995, 40.551478944975756], [14.743317636950263, 40.70481451626482], [14.334127459032782, 40.59360464688005], [14.349769625170477, 40.64252432461443], [14.494590792162665, 40.72996100063982], [14.370310816271552, 40.85147055264177], [14.23999598930622, 40.8529430257863], [14.050873789294013, 40.76751288052263], [13.941878351671942, 40.99803503628435], [13.852500948412665, 41.09095724697771], [13.797006639940985, 41.193446718413256], [13.760507236067033, 41.20669841656926], [13.498390230639227, 41.301864229399584], [13.32910725781167, 41.31109494888881], [13.271446260912665, 41.31423910732927], [12.976777109606513, 41.3713756429738], [12.641516718371161, 41.53109701748552], [12.394848856432684, 41.72954901333513], [11.963433298571356, 42.00474127407732], [11.960132972273149, 42.00737273979235], [11.49736503074909, 42.37635382290544], [11.10476306389118, 42.54908331509294], [10.7427559227779, 42.850509248930834], [10.4877453179195, 43.23593863125505], [10.337910145780594, 43.59620282818045], [10.292479547961005, 43.705436311919115], [10.261382707897823, 43.74523947500629], [10.155236147666239, 43.8811043680133], [10.136747393114813, 43.904769502837084], [9.909300837023505, 44.11047705288591], [9.825498048876707, 44.152548314494645], [9.691935572130927, 44.21960028286638], [9.157044443590888, 44.37323721523943], [8.89658549736286, 44.437186800200365], [8.671724352343329, 44.417403780180834], [8.342789137514062, 44.220187813196446], [8.186360392077216, 44.12639959927263], [8.08956766177473, 44.050829496605], [8.04806702830276, 44.01842822925312], [7.979526552660712, 43.96491583462419], [7.689120325548895, 43.88704641934099], [7.552810224993475, 43.867450319487475], [7.467525371293705, 43.81083423046961], [7.397118601305731, 43.76409491177263], [7.297616514666327, 43.66730078335466], [6.81287013168733, 45.15677654658009], [6.81287013168733, 45.82691898605412], [7.348984083266551, 46.49706142552814], [10.029553841162652, 46.49706142552814], [10.967753256426288, 46.89914688921255], [11.771924183795118, 46.89914688921255], [13.782351502217196, 46.76511840131776], [13.673180613024481, 45.71450766201677], [13.564614328844794, 45.72652395840349], [13.437729868395575, 45.63843115444841], [13.367695841295966, 45.69448813076677], [13.156165155871161, 45.72652395840349], [13.104608568651923, 45.58238562222185], [12.89865020225788, 45.55837210293474], [12.448155436022528, 45.394286714751146], [12.483212503893622, 45.46231421108904], [12.2797432274654, 45.40228994961443], [12.2514171929195, 45.290282808501146], [12.180371317370184, 45.27027853604021], [12.176189455492743, 45.21429022427263], [12.31251338432575, 45.17829474087419], [12.322136911852606, 45.04236563320818], [12.408988031847723, 44.98900946255388], [12.52309039543415, 44.882751070219896], [12.476044687731513, 44.78708609219255], [12.377765212618073, 44.73152979906547], [12.273584398730048, 44.67263754482927], [12.280731234057196, 44.55012472744646], [12.345076593859442, 44.30104025479021], [12.50811700804947, 44.131458090135354], [12.697230371935614, 43.93475683804216], [13.600871119005927, 43.53480490322771], [13.73155692528034, 43.37416037197771], [13.791634592516669, 43.123344026762865], [13.915090593798407, 42.87276419277849], [14.076401988771625, 42.633776395633475], [14.092769655688056, 42.60952719326677], [14.404933008654364, 42.35311087246599], [14.429446711338755, 42.326661124424014], [14.519309076769598, 42.229701601225756], [14.719955477221259, 42.1417613851613], [14.738527330858954, 42.0471568929738], [14.922405275805243, 41.97177084561052], [15.448605570299872, 41.8567272054738], [16.012843164904364, 41.904323183257006], [16.187411341173895, 41.84086187954607], [16.19841483543659, 41.74566992397966]]], [[[20.02855971763874, 39.813781343657396], [19.803648981554755, 40.01696356411638], [19.369067224962958, 40.260280214507006], [19.38022521446491, 40.32358130093279], [19.48371222923542, 40.295890413481615], [19.49448302696491, 40.40271719570818], [19.33922294090534, 40.588737093169115], [19.527255091173895, 40.865890108305834], [19.44540313194538, 40.964896761137865], [19.52995017479206, 41.218444429594896], [19.416991266711005, 41.3452525960988], [19.498915705187567, 41.523620210844896], [19.619383844836005, 41.55930288906755], [19.606965097887763, 41.76153906460466], [20.88338047445974, 41.84431837000664], [20.883380474459745, 41.84431837000664], [20.2118082375362, 39.404925905424975], [20.122382196886786, 39.551009737212084], [20.09082892845417, 39.602531038481615], [20.02855971763874, 39.813781343657396]]], [[[8.417174372179755, 39.212203584868334], [8.374221834643134, 39.307845674712084], [8.465033564074286, 39.639937959868334], [8.508480104906806, 39.94647558804216], [8.487975153429755, 40.20879706021013], [8.428189310534247, 40.46485479946794], [8.201552423937567, 40.66299780483904], [8.159486803515204, 40.78467520352068], [8.240707430346259, 40.855338655669115], [8.405552896960028, 40.86208304043474], [8.766072306139716, 40.86280020352068], [8.918423685534247, 40.94002493496599], [9.306203875048407, 41.184447847563646], [9.590851816637763, 40.902911745268725], [9.793739351732977, 40.56368216152849], [9.78784755180622, 40.441955171782396], [9.695723566515692, 40.31368979092302], [9.630800280077704, 40.09585531826677], [9.698009523852118, 39.69349630947771], [9.648338350756415, 39.457213960844896], [9.478920015795477, 39.144157015044115], [9.296275171740302, 39.23312338467302], [9.062541994555243, 39.21989019985857], [8.998516115648993, 39.175094209868334], [8.931367907030829, 39.053702913481615], [8.81955913017536, 38.976913057524584], [8.696099314196356, 38.99581106777849], [8.58237651298786, 39.06576880093279], [8.417174372179755, 39.212203584868334]]], [[[9.486711534960516, 42.40637930508318], [9.452508959276923, 42.048305116850756], [9.357456240160712, 41.901210390288256], [9.304538759691962, 41.57526739712419], [9.17302421043659, 41.349906526762865], [9.038939508898505, 41.369498811919115], [9.013268503649481, 41.4576793539113], [8.828752550585516, 41.49197729702654], [8.72692111442829, 41.56056936855974], [8.854648622973212, 41.653678499419115], [8.823254618151434, 41.68797644253435], [8.626926455004462, 41.73208960171404], [8.742449793322333, 41.88159903164568], [8.6928291649654, 41.91346319790544], [8.561865839464911, 41.88159903164568], [8.53793242882038, 41.947780214507006], [8.589588198168524, 41.95759161587419], [8.668312105639227, 42.028686128813646], [8.62645438621784, 42.097343050200365], [8.510698351366766, 42.13412436123552], [8.517246279223212, 42.207702242094896], [8.628421816332587, 42.261657320219896], [8.5004463524654, 42.3597789632863], [8.609300646288641, 42.48734625454607], [8.879002603991278, 42.62476690884294], [9.00039294670368, 42.63458975430193], [9.018427881701239, 42.691039644438646], [9.149460825426825, 42.71067007656755], [9.237692865832098, 42.66403921719255], [9.280391726000556, 42.72785528774919], [9.270520243151434, 42.88251074429216], [9.303189310534247, 42.9831920492238], [9.367051157458075, 42.98810156460466], [9.414238962633856, 42.90952643032732], [9.432161364062079, 42.79413565273943], [9.405494722826727, 42.58059652920427], [9.458552393419989, 42.556056581694506], [9.486711534960516, 42.40637930508318]]], [[[3.086286100847968, 42.12072332974138], [3.156553778155097, 42.0757213460988], [3.128878864748724, 41.8572269308156], [2.628259214861639, 41.61954077358904], [2.200590166552313, 41.44614752407732], [2.080724749071845, 41.298488222319506], [2.065487708214854, 41.295597639645], [1.609828624232062, 41.2091556417531], [1.442095519139162, 41.179998619443616], [1.311244878275641, 41.157252870757006], [0.879201921923407, 41.02173575039568], [0.73375180671955, 40.87495382900896], [0.709782037241705, 40.785148225981615], [0.827125462992438, 40.72742422695818], [0.787556442721137, 40.656886659819506], [0.505141589148291, 40.592757784087084], [0.237927588923224, 40.240199648100756], [-0.16062503744816, 39.8860240804738], [-0.203663793103448, 39.799438081938646], [-0.284515862064115, 39.636771761137865], [-0.394848433034173, 39.43445929165544], [-0.235902842776529, 39.062404237944506], [-0.203663793103448, 39.012652956206225], [-0.165695284204237, 38.95406302090349], [0.126115980847128, 38.82135351772966], [0.172570082648047, 38.73834570522966], [-0.107004006104223, 38.59149893398943], [-0.203663793103448, 38.54402884121599], [-0.435155329005472, 38.43033941860857], [-0.564126816289178, 38.21486624355974], [-0.66472887684559, 38.176574312407396], [-0.872343566910974, 37.75979956265154], [-0.802563574807397, 37.61500509854021], [-0.91827228357052, 37.57034262295427], [-1.36456796218609, 37.548392854887865], [-1.625712481038324, 37.4394908773488], [-1.816879835622064, 37.29247625942888], [-1.940475192563287, 36.951598726469896], [-2.238797393338434, 36.72839697476091], [-2.355097499387018, 36.82405050869646], [-2.624331441418878, 36.811297975737475], [-2.761496749417535, 36.69013937588396], [-2.915331569211236, 36.69013937588396], [-2.969792333142511, 36.741149507719896], [-4.446585622327081, 36.72201880093279], [-4.757303681866876, 36.48610647793474], [-5.216736283795587, 36.4095950948781], [-5.37422749091839, 36.2374759542531], [-5.386749711529962, 36.109984956938646], [-5.424260106580011, 36.071742616850756], [-5.457090821759454, 36.167358003813646], [-5.487933125989191, 36.173724733549975], [-5.48548647453045, 36.065368257719896], [-5.660587277905694, 36.00800665493669], [-5.850014176861993, 36.071742616850756], [-6.204461064831964, 36.282096468169115], [-6.304971662060968, 36.454223238188646], [-6.288880792157403, 36.57217749233904], [-6.44402500678753, 36.62318380947771], [-6.500485864178888, 36.718829714018725], [-6.421713319318048, 36.7921634542531], [-6.6321539549992, 37.02175100918474], [-6.947954621808282, 37.14931448574724], [-7.010098424451105, 37.16525992031755], [-6.053864706213961, 37.51715273657619], [-4.579551339371106, 37.91923820026061], [-3.909408899897079, 38.85743761552425], [-1.630924605685394, 39.25952307920866], [-1.094810654106173, 39.66160854289308], [-1.764953093580198, 41.94009283710477], [-1.362867629895785, 42.208149812894376], [3.068452011916403, 42.44591278472262], [3.08708146522785, 42.368644319731615], [3.086528334124335, 42.32911261196794], [3.086286100847968, 42.12072332974138]]], [[[13.868404421313056, 37.15695150967302], [13.011567148669013, 37.524894319731615], [12.636879000170477, 37.581500612456225], [12.53203586052204, 37.638671480376146], [12.454147371752509, 37.766009889799975], [12.51664451072956, 37.91916998501482], [12.66432574699665, 38.07249792690935], [12.78283980797077, 38.11737784023943], [13.065952333910712, 38.0669322835988], [13.32247546623493, 38.220511995512865], [13.627963098986395, 38.02980764980974], [13.809530291064032, 37.966415010649584], [14.134472879870184, 37.97345312710466], [14.765865358813056, 38.05761297817888], [15.386741671068915, 38.20554693813982], [15.453687700732, 38.16741522427263], [15.47289279411579, 38.11005743618669], [15.422523531420477, 38.05257376309099], [15.181032213671454, 37.68228109951677], [15.112180742724188, 37.4590335714406], [15.116248163683661, 37.286944948393725], [15.30134681175495, 37.0578990804738], [15.22063163231159, 37.00037726040544], [15.027343782885321, 36.745116792876146], [14.942398104174384, 36.7385631429738], [14.6220226616695, 36.776141725737475], [14.215912851794013, 37.04932364102068], [13.868404421313056, 37.15695150967302]]], [[[19.950554, 39.774437], [19.950554, 39.762215], [19.942776, 39.744164000000126], [19.929165, 39.73111], [19.926388, 39.728607], [19.916111, 39.722771], [19.91222, 39.721382], [19.875553, 39.71611], [19.848888, 39.705826], [19.842499, 39.702774], [19.839996, 39.699997], [19.838608, 39.695831], [19.839443, 39.676384], [19.846664, 39.649162], [19.927776, 39.477219], [19.931942000000106, 39.471664], [20.018055, 39.434441], [20.027775, 39.431938], [20.032776, 39.43222], [20.048054, 39.436943], [20.057499, 39.442215], [20.063332, 39.44722], [20.067497, 39.453606], [20.071663, 39.453606], [20.074718, 39.451385], [20.12166600000012, 39.377777], [20.122219, 39.373886], [20.1202770000001, 39.370552], [20.114998000000128, 39.364998], [20.111664000000133, 39.363052], [20.079720000000123, 39.368332], [19.884163, 39.444443], [19.880276, 39.44638800000013], [19.875275, 39.45166], [19.854721, 39.483887], [19.853054, 39.486938], [19.85083, 39.493889], [19.846943, 39.519722000000115], [19.847221, 39.535828], [19.84972, 39.54277], [19.844166, 39.551941], [19.823330000000112, 39.576111], [19.818333, 39.581383], [19.806389000000138, 39.590553000000114], [19.740276, 39.624718], [19.675831, 39.674721], [19.673332, 39.677216], [19.641388, 39.744438], [19.639999000000103, 39.75666], [19.650833, 39.772499], [19.673054, 39.7930530000001], [19.692219000000136, 39.794998], [19.696941, 39.794441], [19.791664, 39.790276], [19.796665, 39.79055000000011], [19.803886, 39.793884000000105], [19.855, 39.818329], [19.864998, 39.81694], [19.926109, 39.794441], [19.946941, 39.78360700000013], [19.950554, 39.774437]]]]}, "properties": {"period_year": -200, "label": "Roman Republic"}}, {"type": "Feature", "geometry": {"type": "MultiPolygon", "coordinates": [[[[28.62737154582988, 36.64519332928271], [28.66749876492954, 37.09551046645219], [28.240015073450856, 37.42678364184238], [27.488671238468942, 37.24235324715889], [27.36463263939167, 37.328631960112475], [27.160407099230536, 37.36008032437029], [27.12256148765827, 37.49385031338396], [27.141085657580145, 37.64686545010271], [27.179783853991278, 37.77442892666521], [27.13977340172077, 37.889091097075365], [26.961377176745184, 37.946105562407396], [26.6793318123653, 38.104938112456225], [26.512320551378973, 38.06634863491716], [26.393214258654364, 38.104362093169115], [26.391598734362372, 38.21912726040544], [26.46871093223835, 38.44475897427263], [26.527411493761786, 38.41824301357927], [26.742451700670966, 38.27838858242693], [26.99743178795124, 38.40005835171404], [26.819674524767645, 38.52725180264177], [26.828822168810614, 38.58296164150896], [26.695696863634833, 38.640765749174975], [26.709471735461005, 38.698573671538256], [26.96638015220905, 38.76993139858904], [27.034913095934638, 38.821097933012865], [27.00422004173542, 38.884826265532396], [26.936802896960028, 38.92456396694841], [26.785336527331122, 38.940333925444506], [26.789847406847723, 39.02442511196794], [26.87075141380573, 39.055968843657396], [26.869946775826367, 39.05677323145135], [26.797139200670966, 39.12955816860857], [26.707943949206122, 39.182128511626146], [26.704054865343817, 39.250472627837084], [26.60224250267292, 39.255729280669115], [26.720158609850653, 39.33724936123552], [26.853512796862372, 39.46076925869646], [26.926152262194403, 39.476546846587084], [26.957518610461005, 39.54832800503435], [26.804265055163153, 39.56715353604021], [26.546177896960028, 39.51334723110857], [26.138976129992255, 39.43973883267107], [26.064057383044013, 39.45551260586443], [26.084887537462958, 39.60400732632341], [26.141903910143622, 39.660583101469896], [26.140706095202216, 39.74998053188982], [26.127575907213934, 39.878558717924975], [26.186009439928778, 39.99719580288591], [26.3203344673946, 39.99192389126482], [26.40305236290241, 40.17649038906755], [26.4817114205196, 40.187038027007006], [26.76528266380573, 40.37694128628435], [26.996474298937567, 40.371661745268725], [27.056124720080145, 40.42969473477068], [27.271754297716864, 40.45080908413591], [27.3292341561153, 40.355834566313646], [27.449610743029364, 40.30979498501482], [27.525994333727606, 40.297137819487475], [27.573541722884915, 40.295162396401935], [27.763894114001044, 40.28725393887224], [27.830164942248114, 40.34528311367693], [27.799843821032294, 40.403319917876146], [27.679287943346747, 40.4613529073781], [27.807831797106513, 40.50357016201677], [27.95380500267292, 40.48773916836443], [28.00645926903034, 40.45080908413591], [27.908217463000067, 40.35055502529802], [28.00399115989948, 40.36212881680193], [28.477719339831122, 40.39510305996599], [29.999798537488612, 39.527580054998275], [31.60814039222628, 39.393551567103465], [32.01022585591069, 38.18729517605022], [32.680368295384724, 38.05326668815542], [32.94842527117433, 37.38312424868139], [31.37069037864948, 36.71234472866716], [30.90531066368366, 36.794215761382006], [30.59359076927448, 36.76173361416521], [30.540066751940497, 36.64696081753435], [30.49665168236042, 36.37298163052263], [30.472832712633856, 36.18825491543474], [30.394862207873114, 36.11804541226091], [30.279892954333075, 36.11780508633318], [30.166131052477606, 36.18761786099138], [29.66195586632038, 36.07834585781755], [29.47193244407917, 36.09069403286638], [29.298188242419013, 36.17311819668474], [29.002251657946356, 36.69479712124529], [28.81352714012409, 36.535155855376146], [28.62737154582988, 36.64519332928271]]]]}, "properties": {"period_year": -100, "label": "Roman Republic"}}, {"type": "Feature", "geometry": {"type": "MultiPolygon", "coordinates": [[[[7.073113245980859, 43.53564799189147], [6.9230800003841, 43.44766577358904], [6.836312687584829, 43.383292003662866], [6.504407869541738, 43.53984130541287], [5.55284099612104, 43.633829736372725], [5.379219645016482, 43.531653903319715], [5.039144466746651, 43.3315203113432], [4.909845861895331, 43.366439424712084], [4.7505946488216, 43.35325964565935], [4.64651397178913, 43.32086523647966], [4.416764769060858, 43.34614523525896], [4.078196081621893, 43.487086855132006], [3.80746892402912, 43.46722754116716], [3.478712830050238, 43.31209524746599], [3.317868027193793, 43.19595297451677], [3.067900213701972, 42.944564424712084], [3.001891169054755, 42.77080877896013], [3.045898947222479, 42.539455019194506], [3.068452011916403, 42.44591278472262], [3.08708146522785, 42.368644319731615], [3.086528334124335, 42.32911261196794], [3.086286100847968, 42.12072332974138], [3.156553778155097, 42.0757213460988], [3.128878864748724, 41.8572269308156], [2.628259214861639, 41.61954077358904], [2.200590166552313, 41.44614752407732], [2.080724749071845, 41.298488222319506], [2.065487708214854, 41.295597639645], [1.609828624232062, 41.2091556417531], [1.442095519139162, 41.179998619443616], [1.311244878275641, 41.157252870757006], [0.879201921923407, 41.02173575039568], [0.73375180671955, 40.87495382900896], [0.709782037241705, 40.785148225981615], [0.827125462992438, 40.72742422695818], [0.787556442721137, 40.656886659819506], [0.505141589148291, 40.592757784087084], [0.237927588923224, 40.240199648100756], [-0.16062503744816, 39.8860240804738], [-0.203663793103448, 39.799438081938646], [-0.284515862064115, 39.636771761137865], [-0.394848433034173, 39.43445929165544], [-0.235902842776529, 39.062404237944506], [-0.203663793103448, 39.012652956206225], [-0.165695284204237, 38.95406302090349], [0.126115980847128, 38.82135351772966], [0.172570082648047, 38.73834570522966], [-0.107004006104223, 38.59149893398943], [-0.203663793103448, 38.54402884121599], [-0.435155329005472, 38.43033941860857], [-0.564126816289178, 38.21486624355974], [-0.66472887684559, 38.176574312407396], [-0.872343566910974, 37.75979956265154], [-0.802563574807397, 37.61500509854021], [-0.91827228357052, 37.57034262295427], [-1.36456796218609, 37.548392854887865], [-1.625712481038324, 37.4394908773488], [-1.816879835622064, 37.29247625942888], [-1.940475192563287, 36.951598726469896], [-2.238797393338434, 36.72839697476091], [-2.355097499387018, 36.82405050869646], [-2.624331441418878, 36.811297975737475], [-2.761496749417535, 36.69013937588396], [-2.915331569211236, 36.69013937588396], [-2.969792333142511, 36.741149507719896], [-4.446585622327081, 36.72201880093279], [-4.757303681866876, 36.48610647793474], [-5.216736283795587, 36.4095950948781], [-5.37422749091839, 36.2374759542531], [-5.386749711529962, 36.109984956938646], [-5.424260106580011, 36.071742616850756], [-5.457090821759454, 36.167358003813646], [-5.487933125989191, 36.173724733549975], [-5.48548647453045, 36.065368257719896], [-5.660587277905694, 36.00800665493669], [-5.850014176861993, 36.071742616850756], [-6.204461064831964, 36.282096468169115], [-6.304971662060968, 36.454223238188646], [-6.288880792157403, 36.57217749233904], [-6.44402500678753, 36.62318380947771], [-6.500485864178888, 36.718829714018725], [-6.421713319318048, 36.7921634542531], [-6.6321539549992, 37.02175100918474], [-6.947954621808282, 37.14931448574724], [-7.010098424451105, 37.16525992031755], [-7.227823701398126, 37.225856386382006], [-7.491503682629816, 37.208156191069506], [-7.603436437146417, 37.16297873135271], [-7.836042371289484, 37.032252870757006], [-8.03363796760296, 37.008788667876146], [-8.280239072339288, 37.088580690581225], [-8.54107376624798, 37.088580690581225], [-8.667059865491144, 37.12144049282732], [-8.990849462048761, 36.990008913237475], [-9.0166434912846, 37.06980093594255], [-8.841511693494073, 37.525146089751146], [-8.84871953494979, 37.816767886457356], [-8.851028409497491, 37.910182558257006], [-8.932785954968683, 37.9618411886281], [-8.822993245618097, 38.206073366362475], [-8.847303357617609, 38.384566866118334], [-8.788920369641534, 38.43598135586443], [-8.853651967541925, 38.49964102383318], [-9.0223226218388, 38.46102102871599], [-9.236570325391046, 38.41744955654802], [-9.285158124463312, 38.61946829434099], [-9.069152799145929, 38.64295920010271], [-8.941892591016046, 38.74191626187029], [-8.960826840893976, 38.81846197720232], [-9.040849652783624, 38.92018087979021], [-9.17575451423382, 38.732230745512865], [-9.361637082593194, 38.67114599819841], [-9.52239700843548, 38.68993719692888], [-9.549007382886163, 38.77451666470232], [-9.459762540356866, 38.95307882900896], [-9.397706952588312, 39.23036154385271], [-9.41526981879925, 39.36667593594255], [-9.299269643323175, 39.41773565884294], [-9.117922750012628, 39.644034944731615], [-8.91558548499798, 40.138148866850756], [-8.969669309155694, 40.19001730557146], [-8.694069829480402, 40.992171846587084], [-8.851777997510187, 41.407828890044115], [-8.85475441505169, 41.5968509542531], [-8.920735326306573, 41.767020784575365], [-8.82634856489826, 41.86756206109127], [-1.727667675640657, 41.81332241611033], [-1.764953093580198, 41.94009283710477], [-1.362867629895785, 42.208149812894376], [2.122506808271261, 42.395157984576144], [4.276876324943284, 45.056597085714245], [4.666153682251752, 44.07050148608959], [4.689751640066083, 44.05266905095658], [6.201636591635151, 44.03941668926901], [6.893685226850206, 43.77453718750057], [7.073113245980859, 43.53564799189147]]], [[[33.95171264122273, 36.251578890044115], [33.95405486534382, 36.15975912686052], [33.89098266075398, 36.13877447720232], [33.83587554405476, 36.10729559536638], [33.833697351916086, 36.07057150479021], [33.753176722033274, 36.14664038296404], [33.481699976427805, 36.05428274746599], [33.171336206896555, 35.97088202114763], [32.904116663439524, 35.97669561978044], [32.64034179161335, 36.00799902554216], [32.334979090197336, 36.12836798306169], [32.0946340836022, 36.332922015996054], [33.002298698794654, 36.56702319432271], [34.039375817680515, 36.32607173203748], [33.95171264122273, 36.251578890044115]]], [[[10.02135470817829, 37.200133882719896], [10.132734331591376, 37.10474737759294], [10.158871683581122, 36.99647482510271], [10.271508249743231, 36.7545543539113], [10.392797502978095, 36.716571413237475], [10.5805826515987, 36.793422304350756], [10.84325126121784, 36.99148901577654], [11.023757013781317, 37.068324648100756], [11.039403948290595, 36.90904577847185], [10.920062098009833, 36.65393789883318], [10.63341239403034, 36.42401465054216], [10.509244951708563, 36.213553987700365], [10.511460337145575, 36.08616980190935], [10.602607759936102, 35.88894613857927], [10.8308267922237, 35.679278932768725], [10.988951715929755, 35.622298799712084], [11.125108751757391, 35.24060782070818], [11.082800898058661, 35.14503439541521], [10.839357408983954, 34.80115469570818], [10.57402518699909, 34.6481090414113], [10.116421732409247, 34.2341686117238], [10.019480738146552, 34.081473909575365], [10.148656877978095, 33.87839850063982], [10.41260055015827, 33.63112600918474], [10.650217089159735, 33.49818380947771], [10.77814010093952, 33.47303351040544], [10.956539186938056, 33.575057588774584], [9.833860788435814, 32.917753806181906], [8.632667566486717, 34.02654754951954], [7.913174662096747, 36.77524908657732], [8.145014795763739, 36.813949190337084], [8.636709246142157, 36.88525732632341], [8.86551860283161, 36.96835287686052], [9.150280031664618, 37.17287405605974], [9.416118654711493, 37.27537878628435], [9.732199701769598, 37.2823978292531], [10.02135470817829, 37.200133882719896]]], [[[24.3143261609276, 37.98534666287396], [24.192690562148663, 38.15292605377605], [24.02544161382762, 38.38569989188942], [23.660534817490806, 38.40357465937644], [23.59971701810134, 38.45717244335585], [23.63772814271976, 38.52262680680808], [23.462876969475033, 38.62366656002873], [23.120776847909273, 38.86676557896794], [22.869903425427715, 38.83716368115139], [23.014345698977706, 38.961408842619434], [23.242412446688213, 39.04411813294447], [23.409661395009252, 38.943672845059965], [23.78977264119343, 38.71863293758614], [24.131872762759194, 38.65335708482884], [24.207895011996026, 38.5523591317064], [24.291519486156545, 38.19476089687233], [24.588006258180208, 38.15292605377605], [24.527188458790736, 37.967368965721576], [24.3143261609276, 37.98534666287396]]], [[[25.73594222165643, 36.38653506822634], [25.789157796122215, 36.40489303146257], [25.872782270282734, 36.35592882884054], [25.76635112135116, 36.33755930622052], [25.713135546885383, 36.34980613615219], [25.73594222165643, 36.38653506822634]]], [[[25.386239875166982, 36.319185450416924], [25.31781985085383, 36.39877419215787], [25.3330243007012, 36.45994089964729], [25.37103542531962, 36.49661778527289], [25.492671024098556, 36.42324665835019], [25.492671024098556, 36.331435169041356], [25.386239875166982, 36.319185450416924]]], [[[25.94880451951957, 36.91107409621058], [26.024826768756405, 36.95968659606273], [26.085644568145874, 36.89891612690345], [25.956406744443257, 36.84418129487496], [25.834771145664316, 36.78331883149609], [25.751146671503797, 36.78331883149609], [25.751146671503797, 36.81375611186905], [25.857577820435367, 36.83809722624421], [25.94880451951957, 36.91107409621058]]], [[[24.29912171108023, 36.75286945753905], [24.42835953478285, 36.79549519508755], [24.588006258180208, 36.86851272864293], [24.67923295726441, 36.75896029963509], [24.46637065940127, 36.649251177336765], [24.29912171108023, 36.75286945753905]]], [[[24.8236752308144, 36.637051610171376], [24.8236752308144, 36.661448812220584], [24.876890805280183, 36.679741640978875], [24.97571972928807, 36.637051610171376], [24.94531082959334, 36.56991946228899], [24.8236752308144, 36.637051610171376]]], [[[25.044139753601222, 36.661448812220584], [25.16577535238016, 36.74068632260297], [25.196184252074893, 36.673644514576154], [25.10495755299069, 36.637051610171376], [25.05934420344859, 36.618748636935905], [25.044139753601222, 36.661448812220584]]], [[[25.386239875166982, 36.637051610171376], [25.26460427638805, 36.704125314038706], [25.241797601616994, 36.75286945753905], [25.249399826540678, 36.75896029963509], [25.29501317608278, 36.807669623462985], [25.431853224709084, 36.6980301207178], [25.386239875166982, 36.637051610171376]]], [[[24.534790683714423, 37.11746294371295], [24.44356398463022, 37.0992747162255], [24.42835953478285, 37.20833853996449], [24.534790683714423, 37.11746294371295]]], [[[24.382746185240748, 37.570746906161986], [24.261110586461815, 37.540613155635555], [24.29912171108023, 37.66107502189996], [24.39795063508812, 37.667092994189616], [24.382746185240748, 37.570746906161986]]], [[[24.3599395104697, 37.30515202694268], [24.3599395104697, 37.39580161737422], [24.39795063508812, 37.46824245164144], [24.48917733417232, 37.39580161737422], [24.3599395104697, 37.30515202694268]]], [[[25.044139753601222, 37.377680456560746], [24.84648190558545, 37.36559724964213], [24.861686355432816, 37.52855624381453], [24.94531082959334, 37.51046722146939], [25.044139753601222, 37.377680456560746]]], [[[25.31781985085383, 37.40184103098311], [24.922504154822285, 37.69116000393879], [24.65642628249336, 37.901413077728705], [24.76285743142493, 38.003319956303606], [25.27220650131173, 37.56472113091166], [25.469864349327505, 37.43806729073237], [25.31781985085383, 37.40184103098311]]], [[[24.78566410619598, 36.947536378182036], [24.67923295726441, 36.90499535372954], [24.648824057569676, 37.014338584785854], [24.71724408188283, 37.050751425742014], [24.78566410619598, 36.947536378182036]]], [[[25.15057090253279, 37.17200141281893], [25.31021762593015, 37.19622810717101], [25.31021762593015, 37.00219709179456], [25.112559777914374, 36.94146054239683], [24.937708604669652, 36.95968659606273], [25.15057090253279, 37.17200141281893]]], [[[25.60670439795381, 37.12352471549815], [25.599102173030126, 37.026478138264174], [25.545886598564337, 36.95968659606273], [25.454659899480134, 36.9232301280182], [25.36343320039593, 37.00826808071462], [25.34062652562488, 37.087146804747654], [25.378637650243302, 37.11746294371295], [25.538284373640657, 37.220447029530426], [25.60670439795381, 37.12352471549815]]], [[[17.258607996659602, 40.955994251860766], [17.319272074206122, 40.929252229887865], [18.033919367296942, 40.59665258999529], [18.059941324694403, 40.513534151274584], [18.383612665636786, 40.30775030728044], [18.522648844225653, 40.09413107510271], [18.43367865989948, 39.89840658779802], [18.36491874168659, 39.746722780424975], [18.160130533678778, 39.873134218413256], [18.017067942126044, 39.947894655424975], [17.967745813830145, 40.16689261074724], [17.84960463951374, 40.243495546538256], [17.61914924095417, 40.28783758755388], [17.401650461657294, 40.29192694302263], [17.20417121361042, 40.397941194731615], [17.242802652819403, 40.49576147671404], [17.084080728991278, 40.525111757475756], [16.94871238182331, 40.48109015103044], [16.844130548937567, 40.36313589688005], [16.727564844591864, 40.18360479946794], [16.60441306541706, 40.08990820522966], [16.623852762682684, 39.96775396938982], [16.535006556017645, 39.83156546230974], [16.532101664049872, 39.69751318569841], [16.87398627708698, 39.54365118618669], [17.1490698189571, 39.4218021261281], [17.107419046862372, 39.28047140713396], [17.120997461779364, 39.08602102871599], [17.180712732775458, 39.022208772856615], [17.09468940208698, 38.915023409087084], [16.797699961169013, 38.92585714932146], [16.613329920275458, 38.82732733364763], [16.522202524645575, 38.7250247823781], [16.572001490099677, 38.457118593413256], [16.330693277819403, 38.32074316616716], [16.052943262560614, 37.93117483730974], [15.785237345202216, 37.9097057210988], [15.710227045519598, 37.94143637295427], [15.627475771410712, 38.004211031157396], [15.626577410204657, 38.2330814230031], [15.790868792040595, 38.29639776821794], [15.933466944201239, 38.539916597563646], [15.82730010460163, 38.622733675200365], [15.989846262438544, 38.73476370449724], [16.152209314806708, 38.70126684780779], [16.212225946886786, 38.777953706938646], [16.17720893333698, 38.93099173184099], [16.08256247947956, 39.01247366543474], [15.98955253074909, 39.42835196133318], [15.846514350404568, 39.62985800103884], [15.824671778185614, 39.660628877837084], [15.75702193687702, 39.93362768765154], [15.666200670702704, 40.09186133022966], [15.515924486620673, 40.06594809170427], [15.43203357170368, 39.988971315581225], [15.027263674242743, 40.2121959554738], [14.89867118309284, 40.24145849819841], [14.992320093615302, 40.372218691069506], [14.95100501487995, 40.551478944975756], [14.743317636950263, 40.70481451626482], [14.334127459032782, 40.59360464688005], [14.349769625170477, 40.64252432461443], [14.494590792162665, 40.72996100063982], [14.370310816271552, 40.85147055264177], [14.23999598930622, 40.8529430257863], [14.050873789294013, 40.76751288052263], [13.941878351671942, 40.99803503628435], [13.852500948412665, 41.09095724697771], [13.797006639940985, 41.193446718413256], [13.760507236067033, 41.20669841656926], [13.498390230639227, 41.301864229399584], [13.32910725781167, 41.31109494888881], [13.271446260912665, 41.31423910732927], [12.976777109606513, 41.3713756429738], [12.641516718371161, 41.53109701748552], [12.394848856432684, 41.72954901333513], [11.963433298571356, 42.00474127407732], [11.960132972273149, 42.00737273979235], [11.49736503074909, 42.37635382290544], [11.10476306389118, 42.54908331509294], [10.7427559227779, 42.850509248930834], [10.4877453179195, 43.23593863125505], [10.337910145780594, 43.59620282818045], [10.292479547961005, 43.705436311919115], [10.261382707897823, 43.74523947500629], [10.155236147666239, 43.8811043680133], [10.136747393114813, 43.904769502837084], [9.909300837023505, 44.11047705288591], [9.825498048876707, 44.152548314494645], [9.691935572130927, 44.21960028286638], [9.157044443590888, 44.37323721523943], [8.89658549736286, 44.437186800200365], [8.671724352343329, 44.417403780180834], [8.342789137514062, 44.220187813196446], [8.186360392077216, 44.12639959927263], [8.08956766177473, 44.050829496605], [8.04806702830276, 44.01842822925312], [7.979526552660712, 43.96491583462419], [7.689120325548895, 43.88704641934099], [7.552810224993475, 43.867450319487475], [7.467525371293705, 43.81083423046961], [7.397118601305731, 43.76409491177263], [7.297616514666327, 43.66730078335466], [6.81287013168733, 45.15677654658009], [6.81287013168733, 45.82691898605412], [7.348984083266551, 46.49706142552814], [10.029553841162652, 46.49706142552814], [10.967753256426288, 46.89914688921255], [11.771924183795118, 46.89914688921255], [13.782351502217196, 46.76511840131776], [13.673180613024481, 45.71450766201677], [13.564614328844794, 45.72652395840349], [13.437729868395575, 45.63843115444841], [13.367695841295966, 45.69448813076677], [13.156165155871161, 45.72652395840349], [13.104608568651923, 45.58238562222185], [12.89865020225788, 45.55837210293474], [12.448155436022528, 45.394286714751146], [12.483212503893622, 45.46231421108904], [12.2797432274654, 45.40228994961443], [12.2514171929195, 45.290282808501146], [12.180371317370184, 45.27027853604021], [12.176189455492743, 45.21429022427263], [12.31251338432575, 45.17829474087419], [12.322136911852606, 45.04236563320818], [12.408988031847723, 44.98900946255388], [12.52309039543415, 44.882751070219896], [12.476044687731513, 44.78708609219255], [12.377765212618073, 44.73152979906547], [12.273584398730048, 44.67263754482927], [12.280731234057196, 44.55012472744646], [12.345076593859442, 44.30104025479021], [12.50811700804947, 44.131458090135354], [12.697230371935614, 43.93475683804216], [13.600871119005927, 43.53480490322771], [13.73155692528034, 43.37416037197771], [13.791634592516669, 43.123344026762865], [13.915090593798407, 42.87276419277849], [14.076401988771625, 42.633776395633475], [14.092769655688056, 42.60952719326677], [14.404933008654364, 42.35311087246599], [14.429446711338755, 42.326661124424014], [14.519309076769598, 42.229701601225756], [14.719955477221259, 42.1417613851613], [14.738527330858954, 42.0471568929738], [14.922405275805243, 41.97177084561052], [15.448605570299872, 41.8567272054738], [16.012843164904364, 41.904323183257006], [16.187411341173895, 41.84086187954607], [16.19841483543659, 41.74566992397966], [15.989146265490302, 41.63464697476091], [15.873253855211981, 41.50214346523943], [15.99104407737995, 41.40614279385271], [16.420268091662177, 41.2787242757863], [16.945963892443427, 41.09381445522966], [17.258607996659602, 40.955994251860766]]], [[[19.33922294090534, 40.588737093169115], [19.527255091173895, 40.865890108305834], [19.44540313194538, 40.964896761137865], [19.52995017479206, 41.218444429594896], [19.416991266711005, 41.3452525960988], [19.498915705187567, 41.523620210844896], [19.619383844836005, 41.55930288906755], [19.606965097887763, 41.76153906460466], [20.883380474459745, 41.84431837000664], [22.360174727484722, 41.940092837104764], [22.94880433812131, 41.914500245337955], [23.036080273643414, 41.79790349833719], [26.24639600517004, 41.46046353335738], [26.73869027409843, 41.364360671954316], [26.80461100573426, 41.34189109787411], [27.932183298571356, 40.95754965420427], [27.474169764025458, 40.96283300991716], [27.313046488268622, 40.78991278286638], [27.26375678489948, 40.66717108364763], [26.8889265389278, 40.524676881987475], [26.613572153551825, 40.39804037686052], [26.51393989036823, 40.281974397856615], [26.37586310814167, 40.21340902920427], [26.255158457262763, 40.081561647612475], [26.1408853859737, 40.04465445156755], [26.21428969810749, 40.16066702480974], [26.222796473009833, 40.223956667143725], [26.194821390612372, 40.30307348843279], [26.457545313341864, 40.4349742757863], [26.556477579577216, 40.498290621001146], [26.454838785631903, 40.584308229643725], [26.418061289294013, 40.57782324429216], [26.124041590197333, 40.60284765835466], [26.020724329455145, 40.66932257290544], [25.99287513206745, 40.85245855923357], [25.63570502708698, 40.87737616177263], [25.301114115221747, 40.89594229336443], [25.046317133410223, 40.95227392788591], [25.01892951439167, 41.01714666958513], [24.81211570213581, 40.93342169399919], [24.700663599474677, 40.878341280180834], [24.51912787864948, 40.873065553862475], [24.50495246361042, 40.984069429594896], [24.354302439196356, 40.97096212979021], [24.21905806968952, 40.82968481655779], [24.02515510032917, 40.74636038418474], [23.885952982409247, 40.732894502837084], [23.74839499901081, 40.80443152065935], [23.634697947008856, 40.7727542745656], [23.63297751854206, 40.71316870327654], [23.70905593345905, 40.63003500576677], [23.785174402697333, 40.477191530424975], [23.923703226549872, 40.45080908413591], [24.29535201500202, 40.17649038906755], [24.220635447008856, 40.14484747524919], [24.05477813194538, 40.260882936674975], [24.047778162462958, 40.30835684414568], [23.92353347252155, 40.34528311367693], [23.774773630602606, 40.39276465054216], [23.722168955309638, 40.34824331875505], [23.62723449180866, 40.34528311367693], [23.658801111681708, 40.28726156826677], [23.651745829088934, 40.22922857876482], [23.803664240343817, 40.15539129849138], [23.868659052355536, 40.16067465420427], [23.920109781725653, 40.05519827480974], [23.906617197497138, 39.99719580288591], [23.796032938463934, 39.986651979643725], [23.59577277611042, 40.19231756802263], [23.44248679588581, 40.255607210356615], [23.349078211291083, 40.28197821255388], [23.291760477526434, 40.28726156826677], [23.293139490587958, 40.245055757719896], [23.259058985216864, 40.22922857876482], [23.32103446434284, 40.15539129849138], [23.366839441759833, 40.107928835112475], [23.436467203600653, 40.04465445156755], [23.523348841173895, 40.01828726406755], [23.5921850533321, 40.00246389980974], [23.638585123522528, 39.96034201260271], [23.596890482409247, 39.93405493374529], [23.37439254234577, 39.95508917446794], [23.260525736315497, 39.970870577055834], [23.27630904625202, 40.04992254849138], [23.21477797935749, 40.18176611538591], [23.141140970690497, 40.26615484829607], [22.96016028831745, 40.31470831509294], [22.74805549095417, 40.482467256743334], [22.8639021248653, 40.53522833462419], [22.875462564928778, 40.59632452603044], [22.851946863634833, 40.65133627529802], [22.76996711204792, 40.66717108364763], [22.70125487755085, 40.57744940396013], [22.492066416247138, 40.498290621001146], [22.602265390856513, 40.39723929043474], [22.489617380602606, 40.23052557583513], [22.46736243675495, 40.11848028774919], [22.525612864001044, 40.064166628081225], [22.555129084093817, 39.986651979643725], [22.69509795616413, 39.83448370571794], [22.754473719103583, 39.81834753628435], [22.81343177269245, 39.602740846831225], [23.07416823814655, 39.413451753813646], [23.236084970934638, 39.20315893765154], [23.158499750597723, 39.14007910366716], [23.05191710899616, 39.10328634854021], [23.099806818468817, 39.18738516445818], [23.045252832873114, 39.27149923916521], [22.981301340563544, 39.329330049712084], [22.918986353380927, 39.34510382290544], [22.85085395286823, 39.36613043423357], [22.72025779197956, 39.2872691976613], [22.766058954699286, 39.20278891201677], [22.834883722765692, 39.16636236782732], [22.87106231163288, 39.02434881802263], [22.784213098986395, 38.940333925444506], [22.490498575670966, 38.87685354824724], [22.602313074572333, 38.8562389242238], [22.7232885689571, 38.793170534331225], [22.899373087389716, 38.766891084868334], [22.984231028063544, 38.6670413839406], [23.09980109642292, 38.67229803677263], [23.169491800768622, 38.6670413839406], [23.19099524925495, 38.610343538481615], [23.35615638206745, 38.489501558501146], [23.49384406517292, 38.48313101406755], [23.555766138537177, 38.351764284331225], [23.682751688463934, 38.34651144619646], [23.803948435290106, 38.34651144619646], [23.96074393699909, 38.20991476650896], [23.96699050377155, 38.15213354702654], [23.880024942858466, 38.115356050688646], [23.98729995201374, 37.763427339751146], [23.91818145225788, 37.68464239712419], [23.83551314781452, 37.68464239712419], [23.733683619005927, 37.85785635586443], [23.634148630602606, 37.87897833462419], [23.540715250475653, 38.00410040493669], [23.495701822741278, 38.06807669277849], [23.419257196886786, 38.06807669277849], [23.195841822130927, 38.00503882046404], [22.98061469505573, 37.95776709194841], [22.898057016833075, 37.899989687163256], [23.03996756981159, 37.85796698208513], [23.04539206932331, 37.773578249174975], [23.048874887926825, 37.642631136137865], [23.1513834328487, 37.59012182827654], [23.220547708971747, 37.601825319487475], [23.321707758410223, 37.637382112700365], [23.312159571154364, 37.54810675259294], [23.418124231798895, 37.46934088345232], [23.18497947166706, 37.427333437163256], [23.185792002184638, 37.37482794399919], [23.109564814074286, 37.34664114590349], [22.97097686241413, 37.38532217617693], [23.02534583519245, 37.479842745024584], [22.942069086535223, 37.518390260893725], [22.713290247423895, 37.54343374844255], [22.642317804796942, 37.584865175444506], [22.638745340807684, 37.49228628750505], [22.72623923729206, 37.28850897427263], [22.81334975670124, 37.212054811674975], [22.793108973009833, 37.13855703945818], [22.886887583239325, 37.0466800558156], [22.98255256126667, 36.61475332852068], [22.673554453356513, 36.75428351040544], [22.524447473986395, 36.722125612456225], [22.39029601524616, 36.524371706206225], [22.191407236559638, 36.85523565884294], [21.984171900255927, 37.02048071499529], [21.780915293200263, 36.82254370327654], [21.588168177111395, 36.98144110317888], [21.53144362877155, 37.11514624233904], [21.626500162585028, 37.306518160063646], [21.613707575304755, 37.414847933012865], [21.517313990099677, 37.535758577544115], [21.29634765098835, 37.72654303188982], [21.221131357653388, 37.828395448882006], [21.22843078087116, 37.904906831938646], [21.4404516548946, 38.17951544399919], [21.7144995064571, 38.13544043179216], [21.905766520006903, 38.26973684902849], [21.996687921984442, 38.2507816183156], [22.7472143502071, 37.95260580654802], [22.898655924303778, 37.99755438442888], [23.116345438463934, 38.157394014555834], [22.996743235094794, 38.17934378262224], [22.875638041002997, 38.20460089321794], [22.333741220934638, 38.42670782681169], [21.82647231529499, 38.46395834561052], [21.66125777672077, 38.438109956938646], [21.364455255968817, 38.412005983549975], [21.172404322130927, 38.347838960844896], [20.771830591662177, 38.85093268032732], [20.892598185045966, 38.895831667143725], [21.006508860094794, 38.870544038969896], [21.10468581627155, 38.92177542324724], [21.159516367419013, 39.00482519741716], [21.00718406151081, 39.11298712368669], [20.901148828966864, 39.061732851225756], [20.677752527697333, 39.08042486782732], [20.2118082375362, 39.404925905424975], [20.122382196886786, 39.551009737212084], [20.09082892845417, 39.602531038481615], [20.02855971763874, 39.813781343657396], [19.803648981554755, 40.01696356411638], [19.369067224962958, 40.260280214507006], [19.38022521446491, 40.32358130093279], [19.48371222923542, 40.295890413481615], [19.49448302696491, 40.40271719570818], [19.33922294090534, 40.588737093169115]]], [[[8.201552423937567, 40.66299780483904], [8.159486803515204, 40.78467520352068], [8.240707430346259, 40.855338655669115], [8.405552896960028, 40.86208304043474], [8.766072306139716, 40.86280020352068], [8.918423685534247, 40.94002493496599], [9.306203875048407, 41.184447847563646], [9.590851816637763, 40.902911745268725], [9.793739351732977, 40.56368216152849], [9.78784755180622, 40.441955171782396], [9.695723566515692, 40.31368979092302], [9.630800280077704, 40.09585531826677], [9.698009523852118, 39.69349630947771], [9.648338350756415, 39.457213960844896], [9.478920015795477, 39.144157015044115], [9.296275171740302, 39.23312338467302], [9.062541994555243, 39.21989019985857], [8.998516115648993, 39.175094209868334], [8.931367907030829, 39.053702913481615], [8.81955913017536, 38.976913057524584], [8.696099314196356, 38.99581106777849], [8.58237651298786, 39.06576880093279], [8.417174372179755, 39.212203584868334], [8.374221834643134, 39.307845674712084], [8.465033564074286, 39.639937959868334], [8.508480104906806, 39.94647558804216], [8.487975153429755, 40.20879706021013], [8.428189310534247, 40.46485479946794], [8.201552423937567, 40.66299780483904]]], [[[9.013268503649481, 41.4576793539113], [8.828752550585516, 41.49197729702654], [8.72692111442829, 41.56056936855974], [8.854648622973212, 41.653678499419115], [8.823254618151434, 41.68797644253435], [8.626926455004462, 41.73208960171404], [8.742449793322333, 41.88159903164568], [8.6928291649654, 41.91346319790544], [8.561865839464911, 41.88159903164568], [8.53793242882038, 41.947780214507006], [8.589588198168524, 41.95759161587419], [8.668312105639227, 42.028686128813646], [8.62645438621784, 42.097343050200365], [8.510698351366766, 42.13412436123552], [8.517246279223212, 42.207702242094896], [8.628421816332587, 42.261657320219896], [8.5004463524654, 42.3597789632863], [8.609300646288641, 42.48734625454607], [8.879002603991278, 42.62476690884294], [9.00039294670368, 42.63458975430193], [9.018427881701239, 42.691039644438646], [9.149460825426825, 42.71067007656755], [9.237692865832098, 42.66403921719255], [9.280391726000556, 42.72785528774919], [9.270520243151434, 42.88251074429216], [9.303189310534247, 42.9831920492238], [9.367051157458075, 42.98810156460466], [9.414238962633856, 42.90952643032732], [9.432161364062079, 42.79413565273943], [9.405494722826727, 42.58059652920427], [9.458552393419989, 42.556056581694506], [9.486711534960516, 42.40637930508318], [9.452508959276923, 42.048305116850756], [9.357456240160712, 41.901210390288256], [9.304538759691962, 41.57526739712419], [9.17302421043659, 41.349906526762865], [9.038939508898505, 41.369498811919115], [9.013268503649481, 41.4576793539113]]], [[[12.66432574699665, 38.07249792690935], [12.78283980797077, 38.11737784023943], [13.065952333910712, 38.0669322835988], [13.32247546623493, 38.220511995512865], [13.627963098986395, 38.02980764980974], [13.809530291064032, 37.966415010649584], [14.134472879870184, 37.97345312710466], [14.765865358813056, 38.05761297817888], [15.386741671068915, 38.20554693813982], [15.453687700732, 38.16741522427263], [15.47289279411579, 38.11005743618669], [15.422523531420477, 38.05257376309099], [15.181032213671454, 37.68228109951677], [15.112180742724188, 37.4590335714406], [15.116248163683661, 37.286944948393725], [15.30134681175495, 37.0578990804738], [15.22063163231159, 37.00037726040544], [15.027343782885321, 36.745116792876146], [14.942398104174384, 36.7385631429738], [14.6220226616695, 36.776141725737475], [14.215912851794013, 37.04932364102068], [13.868404421313056, 37.15695150967302], [13.011567148669013, 37.524894319731615], [12.636879000170477, 37.581500612456225], [12.53203586052204, 37.638671480376146], [12.454147371752509, 37.766009889799975], [12.51664451072956, 37.91916998501482], [12.66432574699665, 38.07249792690935]]]]}, "properties": {"period_year": -100, "label": "Roman Republic"}}, {"type": "Feature", "geometry": {"type": "MultiPolygon", "coordinates": [[[[15.220631632415003, 37.000377260164065], [15.027343782988734, 36.74511679263477], [14.942398104277796, 36.738563142732424], [14.622022661772913, 36.776141725496096], [14.215912851897425, 37.0493236407793], [13.868404421416468, 37.15695150943164], [13.011567148772425, 37.52489431949024], [12.63687900027389, 37.581500612214846], [12.532035860625452, 37.63867148013477], [12.454147371855921, 37.766009889558596], [12.516644510832972, 37.91916998477344], [12.664325747100062, 38.07249792666797], [12.782839808074183, 38.11737783999805], [13.065952334014124, 38.066932283357424], [13.322475466338343, 38.22051199527149], [13.627963099089808, 38.02980764956836], [13.809530291167444, 37.966415010408205], [14.134472879973597, 37.973453126863284], [14.765865358916468, 38.0576129779375], [15.386741671172327, 38.20554693789844], [15.453687700835413, 38.16741522403125], [15.472892794219202, 38.110057435945315], [15.42252353152389, 38.05257376284961], [15.181032213774866, 37.68228109927539], [15.1121807428276, 37.45903357119922], [15.116248163787073, 37.286944948152346], [15.301346811858362, 37.057899080232424], [15.220631632415003, 37.000377260164065]]], [[[26.242667231169886, 35.144874177888674], [26.160485300627894, 35.02428396792774], [25.898680719939417, 35.04525717349414], [25.741736445037073, 35.008853517488284], [25.590724024382776, 35.01641806216602], [24.693467173186487, 34.94047125430469], [24.7156381936943, 35.03477057071094], [24.690066370574183, 35.09244116397266], [24.324357065764612, 35.20778997989063], [24.01319793185348, 35.21041449160938], [23.785594019499964, 35.26285132022266], [23.56772330721969, 35.254981599763674], [23.513134989348597, 35.275958620027346], [23.46688559970016, 35.31790503116016], [23.529439005461878, 35.569625459626955], [23.671465906706995, 35.572249971345705], [23.669087442961878, 35.611583314851565], [23.665133509246058, 35.66665609927539], [23.69665626010055, 35.698123537019534], [23.73367789706344, 35.62731894107227], [23.742875132170862, 35.56175955386524], [23.879452738372034, 35.55241736026172], [23.956812891570276, 35.52767141909961], [24.039004358855433, 35.56175955386524], [24.033263239470667, 35.59847220034961], [24.08185676058883, 35.611583314851565], [24.15267661532516, 35.56438025088672], [24.13581756075973, 35.52242621035938], [24.091456446257776, 35.51980169864063], [24.073323282805628, 35.49620398135547], [24.113204035369105, 35.48571737857227], [24.177744898406214, 35.46998556704883], [24.219702753630823, 35.44900091739063], [24.229603800383753, 35.39131888003711], [24.388283762541956, 35.37296637149219], [24.768567118254847, 35.42802771182422], [24.997481379119105, 35.42102011294727], [25.013600382415003, 35.36247976870899], [25.10009101351852, 35.34674795718555], [25.37401870211715, 35.31790503116016], [25.511635813323206, 35.29476507754688], [25.673207316008753, 35.349368654207034], [25.713534388152308, 35.327010713533205], [25.668467554656214, 35.18682058902149], [25.741803202239222, 35.13700445742969], [25.788973841277308, 35.13700445742969], [25.9354925485527, 35.21303518863086], [26.064152750579066, 35.23924978824024], [26.09935286959762, 35.215648256257815], [26.168826136199183, 35.247108064607424], [26.273509058562464, 35.312659822419924], [26.23604491671676, 35.228763185457034], [26.242667231169886, 35.144874177888674]]], [[[32.27097991427535, 34.81415518374805], [32.198500666228476, 34.86138876529102], [32.1437216134941, 35.042544923738284], [32.1804762216484, 35.05831488223438], [32.23445800265426, 35.01363333316211], [32.30098632296676, 35.01626165957813], [32.48311522921676, 35.15294226260547], [32.596983942595664, 35.15557440371875], [32.74495223483199, 35.11427267642383], [32.77952483615035, 35.15294226260547], [32.819071802703085, 35.2817455157793], [32.795111689177695, 35.36061056704883], [33.07747939547652, 35.3186107501543], [33.37370971163863, 35.30648001284961], [33.539042505828085, 35.33169516177539], [33.90731719454879, 35.436847291902346], [34.21733764132613, 35.573566041902346], [34.45821288546676, 35.64456137271289], [34.24465468844527, 35.511844240144534], [34.04842666110152, 35.40793188662891], [33.780497583953085, 35.2081371173418], [33.77266601046676, 35.129283510164065], [33.92467406710738, 34.95322760196094], [33.79195693453902, 34.95737036319141], [33.732577356902304, 34.90862234683399], [33.68582061251754, 34.93486746402149], [33.538512262908164, 34.944156251863284], [33.48393538912887, 34.79579123111133], [33.1313925119316, 34.680335603669924], [32.958617243376914, 34.659339509919924], [32.91454604586715, 34.635726533845705], [32.91451552828902, 34.54125937075977], [32.816657099333945, 34.538638673738284], [32.78413680514449, 34.625228486970705], [32.603392634001914, 34.61473425479297], [32.35718062838668, 34.680335603669924], [32.271090540496054, 34.71969565005664], [32.27097991427535, 34.81415518374805]]], [[[8.726921114531702, 41.56056936831836], [8.854648623076624, 41.65367849917774], [8.823254618254847, 41.68797644229297], [8.626926455107874, 41.73208960147266], [8.742449793425745, 41.8815990314043], [8.692829165068812, 41.913463197664065], [8.561865839568323, 41.8815990314043], [8.537932428923792, 41.94778021426563], [8.589588198271937, 41.957591615632815], [8.66831210574264, 42.02868612857227], [8.626454386321253, 42.09734304995899], [8.510698351470179, 42.13412436099414], [8.517246279326624, 42.20770224185352], [8.628421816436, 42.26165731997852], [8.500446352568812, 42.359778963044924], [8.609300646392054, 42.48734625430469], [8.87900260409469, 42.624766908601565], [9.000392946807093, 42.63458975406055], [9.018427881804651, 42.69103964419727], [9.149460825530237, 42.710670076326174], [9.23769286593551, 42.664039216951174], [9.280391726103968, 42.727855287507815], [9.270520243254847, 42.882510744050784], [9.30318931063766, 42.983192048982424], [9.367051157561487, 42.988101564363284], [9.414238962737269, 42.90952643008594], [9.432161364165491, 42.79413565249805], [9.40549472293014, 42.58059652896289], [9.458552393523401, 42.55605658145313], [9.486711535063929, 42.4063793048418], [9.452508959380335, 42.04830511660938], [9.357456240264124, 41.90121039004688], [9.304538759795374, 41.575267396882815], [9.173024210540003, 41.34990652652149], [9.038939509001917, 41.36949881167774], [9.013268503752894, 41.457679353669924], [8.828752550688929, 41.49197729678516], [8.726921114531702, 41.56056936831836]]], [[[9.296275171843714, 39.23312338443164], [9.062541994658655, 39.21989019961719], [8.998516115752405, 39.175094209626955], [8.931367907134241, 39.05370291324024], [8.819559130278773, 38.976913057283205], [8.696099314299769, 38.99581106753711], [8.582376513091273, 39.06576880069141], [8.417174372283167, 39.212203584626955], [8.374221834746546, 39.307845674470705], [8.465033564177698, 39.639937959626955], [8.508480105010218, 39.946475587800784], [8.487975153533167, 40.20879705996875], [8.42818931063766, 40.464854799226565], [8.20155242404098, 40.66299780459766], [8.159486803618616, 40.7846752032793], [8.240707430449671, 40.85533865542774], [8.40555289706344, 40.86208304019336], [8.766072306243128, 40.8628002032793], [8.91842368563766, 40.94002493472461], [9.30620387515182, 41.18444784732227], [9.590851816741175, 40.902911745027346], [9.79373935183639, 40.56368216128711], [9.787847551909632, 40.44195517154102], [9.695723566619105, 40.31368979068164], [9.630800280181116, 40.09585531802539], [9.69800952395553, 39.69349630923633], [9.648338350859827, 39.45721396060352], [9.47892001589889, 39.14415701480274], [9.296275171843714, 39.23312338443164]]], [[[25.735942221656394, 36.38653506822634], [25.78915779612218, 36.40489303146257], [25.8727822702827, 36.35592882884054], [25.766351121351125, 36.33755930622052], [25.713135546885347, 36.34980613615219], [25.735942221656394, 36.38653506822634]]], [[[25.49267102409852, 36.331435169041356], [25.386239875166947, 36.319185450416924], [25.317819850853795, 36.39877419215787], [25.333024300701165, 36.45994089964729], [25.371035425319583, 36.49661778527289], [25.49267102409852, 36.42324665835019], [25.49267102409852, 36.331435169041356]]], [[[25.83477114566428, 36.78331883149609], [25.75114667150376, 36.78331883149609], [25.75114667150376, 36.81375611186905], [25.85757782043533, 36.83809722624421], [25.948804519519534, 36.91107409621058], [26.02482676875637, 36.95968659606273], [26.085644568145838, 36.89891612690345], [25.95640674444322, 36.84418129487496], [25.83477114566428, 36.78331883149609]]], [[[24.428359534782814, 36.79549519508755], [24.588006258180172, 36.86851272864293], [24.679232957264375, 36.75896029963509], [24.466370659401235, 36.649251177336765], [24.299121711080193, 36.75286945753905], [24.428359534782814, 36.79549519508755]]], [[[24.975719729288034, 36.637051610171376], [24.945310829593303, 36.56991946228899], [24.823675230814363, 36.637051610171376], [24.823675230814363, 36.661448812220584], [24.876890805280148, 36.679741640978875], [24.975719729288034, 36.637051610171376]]], [[[25.044139753601186, 36.661448812220584], [25.165775352380123, 36.74068632260297], [25.196184252074858, 36.673644514576154], [25.104957552990655, 36.637051610171376], [25.059344203448553, 36.618748636935905], [25.044139753601186, 36.661448812220584]]], [[[25.24179760161696, 36.75286945753905], [25.249399826540643, 36.75896029963509], [25.295013176082744, 36.807669623462985], [25.431853224709048, 36.6980301207178], [25.386239875166947, 36.637051610171376], [25.264604276388013, 36.704125314038706], [25.24179760161696, 36.75286945753905]]], [[[24.428359534782814, 37.20833853996449], [24.534790683714387, 37.11746294371295], [24.443563984630185, 37.0992747162255], [24.428359534782814, 37.20833853996449]]], [[[24.299121711080193, 37.66107502189996], [24.397950635088083, 37.667092994189616], [24.382746185240713, 37.570746906161986], [24.26111058646178, 37.540613155635555], [24.299121711080193, 37.66107502189996]]], [[[24.489177334172286, 37.39580161737422], [24.359939510469665, 37.30515202694268], [24.359939510469665, 37.39580161737422], [24.397950635088083, 37.46824245164144], [24.489177334172286, 37.39580161737422]]], [[[25.044139753601186, 37.377680456560746], [24.846481905585414, 37.36559724964213], [24.86168635543278, 37.52855624381453], [24.945310829593303, 37.51046722146939], [25.044139753601186, 37.377680456560746]]], [[[25.46986434932747, 37.43806729073237], [25.317819850853795, 37.40184103098311], [24.92250415482225, 37.69116000393879], [24.656426282493324, 37.901413077728705], [24.762857431424894, 38.003319956303606], [25.272206501311693, 37.56472113091166], [25.46986434932747, 37.43806729073237]]], [[[24.64882405756964, 37.014338584785854], [24.717244081882793, 37.050751425742014], [24.785664106195945, 36.947536378182036], [24.679232957264375, 36.90499535372954], [24.64882405756964, 37.014338584785854]]], [[[25.310217625930115, 37.19622810717101], [25.310217625930115, 37.00219709179456], [25.11255977791434, 36.94146054239683], [24.937708604669616, 36.95968659606273], [25.150570902532756, 37.17200141281893], [25.310217625930115, 37.19622810717101]]], [[[25.606704397953774, 37.12352471549815], [25.59910217303009, 37.026478138264174], [25.5458865985643, 36.95968659606273], [25.4546598994801, 36.9232301280182], [25.363433200395896, 37.00826808071462], [25.340626525624845, 37.087146804747654], [25.378637650243267, 37.11746294371295], [25.53828437364062, 37.220447029530426], [25.606704397953774, 37.12352471549815]]], [[[24.588006258180172, 38.15292605377605], [24.5271884587907, 37.967368965721576], [24.314326160927564, 37.98534666287396], [24.192690562148627, 38.15292605377605], [24.025441613827585, 38.38569989188942], [23.66053481749077, 38.40357465937644], [23.599717018101305, 38.45717244335585], [23.637728142719723, 38.52262680680808], [23.462876969474998, 38.62366656002873], [23.120776847909237, 38.86676557896794], [22.86990342542768, 38.83716368115139], [23.01434569897767, 38.961408842619434], [23.242412446688178, 39.04411813294447], [23.409661395009216, 38.943672845059965], [23.789772641193395, 38.71863293758614], [24.13187276275916, 38.65335708482884], [24.20789501199599, 38.5523591317064], [24.29151948615651, 38.19476089687233], [24.588006258180172, 38.15292605377605]]], [[[24.50495246371383, 40.98406942935352], [24.35430243929977, 40.97096212954883], [24.219058069792933, 40.82968481631641], [24.02515510043258, 40.74636038394336], [23.88595298251266, 40.732894502595705], [23.748394999114222, 40.80443152041797], [23.63469794711227, 40.77275427432422], [23.632977518645472, 40.71316870303516], [23.709055933562464, 40.63003500552539], [23.785174402800745, 40.477191530183596], [23.923703226653284, 40.450809083894534], [24.295352015105433, 40.176490388826174], [24.22063544711227, 40.144847475007815], [24.054778132048792, 40.260882936433596], [24.04777816256637, 40.3083568439043], [23.923533472624964, 40.34528311343555], [23.77477363070602, 40.392764650300784], [23.72216895541305, 40.348243318513674], [23.627234491912073, 40.34528311343555], [23.65880111178512, 40.28726156802539], [23.651745829192347, 40.22922857852344], [23.80366424044723, 40.15539129825], [23.86865905245895, 40.16067465396289], [23.920109781829066, 40.05519827456836], [23.90661719760055, 39.997195802644534], [23.796032938567347, 39.986651979402346], [23.59577277621383, 40.19231756778125], [23.442486795989222, 40.25560721011524], [23.349078211394495, 40.2819782123125], [23.291760477629847, 40.28726156802539], [23.29313949069137, 40.24505575747852], [23.259058985320276, 40.22922857852344], [23.321034464446253, 40.15539129825], [23.366839441863245, 40.107928834871096], [23.436467203704066, 40.044654451326174], [23.523348841277308, 40.018287263826174], [23.59218505343551, 40.00246389956836], [23.63858512362594, 39.96034201236133], [23.59689048251266, 39.93405493350391], [23.374392542449183, 39.955089174226565], [23.26052573641891, 39.970870576814455], [23.276309046355433, 40.04992254825], [23.2147779794609, 40.181766115144534], [23.14114097079391, 40.26615484805469], [22.960160288420862, 40.314708314851565], [22.74805549105758, 40.482467256501955], [22.863902124968714, 40.535228334382815], [22.87546256503219, 40.596324525789065], [22.851946863738245, 40.65133627505664], [22.76996711215133, 40.66717108340625], [22.70125487765426, 40.57744940371875], [22.49206641635055, 40.49829062075977], [22.602265390959925, 40.39723929019336], [22.48961738070602, 40.23052557559375], [22.467362436858362, 40.118480287507815], [22.525612864104456, 40.064166627839846], [22.55512908419723, 39.986651979402346], [22.695097956267542, 39.834483705476565], [22.754473719206995, 39.81834753604297], [22.813431772795862, 39.602740846589846], [23.074168238249964, 39.41345175357227], [23.23608497103805, 39.20315893741016], [23.158499750701136, 39.140079103425784], [23.051917109099573, 39.10328634829883], [23.09980681857223, 39.1873851642168], [23.045252832976526, 39.27149923892383], [22.981301340666956, 39.329330049470705], [22.91898635348434, 39.345103822664065], [22.850853952971644, 39.36613043399219], [22.720257792082972, 39.287269197419924], [22.7660589548027, 39.20278891177539], [22.834883722869105, 39.16636236758594], [22.871062311736292, 39.02434881778125], [22.784213099089808, 38.94033392520313], [22.490498575774378, 38.87685354800586], [22.602313074675745, 38.856238923982424], [22.72328856906051, 38.793170534089846], [22.899373087493128, 38.766891084626955], [22.984231028166956, 38.66704138369922], [23.09980109652633, 38.67229803653125], [23.169491800872034, 38.66704138369922], [23.190995249358362, 38.61034353824024], [23.356156382170862, 38.48950155825977], [23.49384406527633, 38.483131013826174], [23.55576613864059, 38.351764284089846], [23.682751688567347, 38.34651144595508], [23.80394843539352, 38.34651144595508], [23.960743937102503, 38.20991476626758], [23.966990503874964, 38.15213354678516], [23.880024942961878, 38.11535605044727], [23.98729995211715, 37.76342733950977], [23.918181452361292, 37.684642396882815], [23.835513147917933, 37.684642396882815], [23.73368361910934, 37.85785635562305], [23.63414863070602, 37.878978334382815], [23.540715250579066, 38.004100404695315], [23.49570182284469, 38.06807669253711], [23.4192571969902, 38.06807669253711], [23.19584182223434, 38.00503882022266], [22.980614695159144, 37.957767091707034], [22.898057016936487, 37.89998968692188], [23.039967569915003, 37.85796698184375], [23.045392069426722, 37.773578248933596], [23.048874888030237, 37.64263113589649], [23.151383432952112, 37.59012182803516], [23.22054770907516, 37.601825319246096], [23.321707758513636, 37.63738211245899], [23.312159571257776, 37.548106752351565], [23.418124231902308, 37.46934088321094], [23.184979471770472, 37.42733343692188], [23.18579200228805, 37.374827943757815], [23.1095648141777, 37.34664114566211], [22.970976862517542, 37.38532217593555], [23.025345835295862, 37.479842744783205], [22.942069086638636, 37.518390260652346], [22.713290247527308, 37.543433748201174], [22.642317804900355, 37.58486517520313], [22.638745340911097, 37.492286287263674], [22.726239237395472, 37.28850897403125], [22.81334975680465, 37.212054811433596], [22.793108973113245, 37.1385570392168], [22.886887583342737, 37.04668005557422], [22.98255256137008, 36.6147533282793], [22.673554453459925, 36.754283510164065], [22.524447474089808, 36.722125612214846], [22.390296015349573, 36.524371705964846], [22.19140723666305, 36.855235658601565], [21.98417190035934, 37.02048071475391], [21.780915293303675, 36.82254370303516], [21.588168177214808, 36.9814411029375], [21.531443628874964, 37.11514624209766], [21.62650016268844, 37.30651815982227], [21.613707575408167, 37.41484793277149], [21.51731399020309, 37.53575857730274], [21.29634765109176, 37.72654303164844], [21.2211313577568, 37.82839544864063], [21.228430780974573, 37.90490683169727], [21.44045165499801, 38.179515443757815], [21.71449950656051, 38.135440431550784], [21.905766520110316, 38.26973684878711], [21.996687922087855, 38.25078161807422], [22.74721435031051, 37.95260580630664], [22.89865592440719, 37.9975543841875], [23.116345438567347, 38.157394014314455], [22.996743235198206, 38.17934378238086], [22.87563804110641, 38.204600892976565], [22.33374122103805, 38.426707826570315], [21.8264723153984, 38.46395834536914], [21.661257776824183, 38.43810995669727], [21.36445525607223, 38.412005983308596], [21.17240432223434, 38.34783896060352], [20.77183059176559, 38.85093268008594], [20.892598185149378, 38.895831666902346], [21.006508860198206, 38.87054403872852], [21.104685816374964, 38.92177542300586], [21.159516367522425, 39.004825197175784], [21.007184061614222, 39.112987123445315], [20.901148829070276, 39.06173285098438], [20.677752527800745, 39.08042486758594], [20.211808237639612, 39.404925905183596], [20.1223821969902, 39.551009736970705], [20.09082892855758, 39.60253103824024], [20.02855971774215, 39.81378134341602], [19.803648981658167, 40.016963563875], [19.36906722506637, 40.26028021426563], [19.380225214568323, 40.32358130069141], [19.48371222933883, 40.29589041324024], [19.494483027068323, 40.4027171954668], [19.339222941008753, 40.58873709292774], [19.527255091277308, 40.865890108064455], [19.445403132048792, 40.96489676089649], [19.529950174895472, 41.21844442935352], [19.416991266814417, 41.345252595857424], [19.49891570529098, 41.52362021060352], [19.619383844939417, 41.559302888826174], [19.606965097991175, 41.761539064363284], [19.45788672885055, 41.79808386416797], [19.367713007537073, 41.84637030215625], [19.338465723601526, 41.86202200503711], [19.143036875334925, 41.93209036441211], [19.135544809905237, 41.99954184146289], [18.90989974459762, 42.217792116121096], [18.843149619713987, 42.24141953915808], [18.528643641081995, 42.35274466128711], [18.513588938323206, 42.362140260652346], [18.24871161898727, 42.52743872256641], [18.001368555632776, 42.69445761294727], [17.646380457488245, 42.864600740388674], [17.595679316130823, 42.888900361970705], [17.54798034152145, 42.92011984439258], [17.304074229691235, 43.07620747861257], [17.07508758029098, 43.22274740786914], [16.99226287325973, 43.32271536441211], [16.639813456145472, 43.38973578067188], [16.54851058444137, 43.461314760164065], [16.36674788912887, 43.51302298159961], [16.059407267180628, 43.4334789142168], [15.912835154143519, 43.65224798770313], [15.494369067245357, 43.88844455774298], [15.412318262664026, 43.934756837800784], [15.149468454924769, 44.23992880435352], [15.274405512419886, 44.23661383242969], [15.548222574797816, 44.229346834138674], [15.285944017974085, 44.32891806216602], [14.989106211272425, 44.54002722354297], [14.906961474028773, 44.72332342715625], [14.945532831755823, 44.92658957095508], [14.815391573516077, 45.07786902041797], [14.524585756865687, 45.26628454776172], [14.354488405791468, 45.32289084048633], [14.23862174471969, 45.062354646638674], [14.174608263579554, 45.010387025789065], [14.188512835112757, 44.94254644961719], [14.060400042144007, 44.89470251651172], [13.991256746855921, 44.783099733308596], [13.89510253390426, 44.75918158145313], [13.6720590921318, 45.050357423738284], [13.643589052764124, 45.179088197664065], [13.52689078768844, 45.45431097598438], [13.556276354399866, 45.4596019610918], [13.7490854593193, 45.49433096499805], [13.799984011260218, 45.56637152285938], [13.673180613127894, 45.71450766177539], [13.564614328948206, 45.72652395816211], [13.437729868498987, 45.638431154207034], [13.367695841399378, 45.69448813052539], [13.156165155974573, 45.72652395816211], [13.104608568755335, 45.58238562198047], [12.898650202361292, 45.55837210269336], [12.44815543612594, 45.39428671450977], [12.483212503997034, 45.46231421084766], [12.279743227568812, 45.40228994937305], [12.251417193022913, 45.29028280825977], [12.180371317473597, 45.27027853579883], [12.176189455596155, 45.21429022403125], [12.312513384429163, 45.178294740632815], [12.322136911956019, 45.0423656329668], [12.408988031951136, 44.9890094623125], [12.523090395537562, 44.88275106997852], [12.476044687834925, 44.787086091951174], [12.377765212721485, 44.73152979882409], [12.27358439883346, 44.67263754458789], [12.280731234160609, 44.55012472720508], [12.345076593962855, 44.30104025454883], [12.508117008152883, 44.131458089893975], [12.697230372039026, 43.934756837800784], [13.600871119109339, 43.53480490298633], [13.731556925383753, 43.37416037173633], [13.791634592620081, 43.12334402652149], [13.91509059390182, 42.87276419253711], [14.076401988875038, 42.6337763953921], [14.092769655791468, 42.60952719302539], [14.404933008757776, 42.35311087222461], [14.429446711442168, 42.326661124182635], [14.51930907687301, 42.22970160098438], [14.719955477324671, 42.141761384919924], [14.738527330962366, 42.047156892732424], [14.922405275908655, 41.97177084536914], [15.448605570403284, 41.856727205232424], [16.012843165007776, 41.90432318301563], [16.187411341277308, 41.84086187930469], [16.198414835540003, 41.745669923738284], [15.989146265593714, 41.634646974519534], [15.873253855315394, 41.50214346499805], [15.991044077483362, 41.40614279361133], [16.42026809176559, 41.278724275544924], [16.94596389254684, 41.093814454988284], [17.258607996763015, 40.95599425161939], [17.319272074309534, 40.92925222964649], [18.033919367400355, 40.59665258975391], [18.059941324797816, 40.513534151033205], [18.3836126657402, 40.307750307039065], [18.522648844329066, 40.09413107486133], [18.433678660002894, 39.89840658755664], [18.364918741790003, 39.746722780183596], [18.16013053378219, 39.87313421817188], [18.017067942229456, 39.947894655183596], [17.967745813933558, 40.16689261050586], [17.84960463961715, 40.24349554629688], [17.61914924105758, 40.2878375873125], [17.401650461760706, 40.29192694278125], [17.20417121371383, 40.39794119449024], [17.242802652922816, 40.49576147647266], [17.08408072909469, 40.52511175723438], [16.948712381926722, 40.481090150789065], [16.84413054904098, 40.363135896638674], [16.727564844695276, 40.183604799226565], [16.604413065520472, 40.089908204988284], [16.623852762786097, 39.96775396914844], [16.535006556121058, 39.83156546206836], [16.532101664153284, 39.697513185457034], [16.873986277190394, 39.543651185945315], [17.14906981906051, 39.42180212588672], [17.107419046965784, 39.28047140689258], [17.120997461882776, 39.08602102847461], [17.18071273287887, 39.02220877261524], [17.094689402190394, 38.915023408845705], [16.797699961272425, 38.92585714908008], [16.61332992037887, 38.82732733340625], [16.522202524748987, 38.72502478213672], [16.57200149020309, 38.45711859317188], [16.330693277922816, 38.320743165925784], [16.052943262664026, 37.93117483706836], [15.785237345305628, 37.909705720857424], [15.71022704562301, 37.94143637271289], [15.627475771514124, 38.00421103091602], [15.62657741030807, 38.23308142276172], [15.790868792144007, 38.296397767976565], [15.933466944304651, 38.53991659732227], [15.827300104705042, 38.62273367495899], [15.989846262541956, 38.73476370425586], [16.15220931491012, 38.70126684756641], [16.2122259469902, 38.77795370669727], [16.177208933440394, 38.93099173159961], [16.082562479582972, 39.01247366519336], [15.989552530852503, 39.4283519610918], [15.84651435050798, 39.62985800079746], [15.824671778289026, 39.660628877595705], [15.757021936980433, 39.93362768741016], [15.666200670806116, 40.091861329988284], [15.515924486724085, 40.06594809146289], [15.432033571807093, 39.988971315339846], [15.027263674346155, 40.212195955232424], [14.898671183196253, 40.241458497957034], [14.992320093718714, 40.37221869082813], [14.951005014983362, 40.55147894473438], [14.743317637053675, 40.70481451602344], [14.334127459136194, 40.593604646638674], [14.34976962527389, 40.64252432437305], [14.494590792266077, 40.72996100039844], [14.370310816374964, 40.85147055240039], [14.239995989409632, 40.852943025544924], [14.050873789397425, 40.76751288028125], [13.941878351775355, 40.99803503604297], [13.852500948516077, 41.09095724673633], [13.797006640044398, 41.19344671817188], [13.760507236170445, 41.20669841632788], [13.49839023074264, 41.301864229158205], [13.329107257915082, 41.31109494864743], [13.271446261016077, 41.31423910708789], [12.976777109709925, 41.371375642732424], [12.641516718474573, 41.53109701724414], [12.394848856536097, 41.72954901309375], [11.963433298674769, 42.00474127383594], [11.960132972376561, 42.00737273955097], [11.497365030852503, 42.376353822664065], [11.104763063994593, 42.549083314851565], [10.742755922881312, 42.850509248689455], [10.487745318022913, 43.235938631013674], [10.337910145884006, 43.596202827939074], [10.292479548064417, 43.70543631167774], [10.261382708001236, 43.74523947476491], [10.155236147769651, 43.88110436777192], [10.136747393218226, 43.904769502595705], [9.909300837126917, 44.110477052644534], [9.82549804898012, 44.152548314253266], [9.691935572234339, 44.219600282625], [9.1570444436943, 44.37323721499805], [8.896585497466273, 44.43718679995899], [8.671724352446741, 44.417403779939455], [8.342789137617475, 44.22018781295507], [8.186360392180628, 44.12639959903125], [8.089567661878142, 44.05082949636362], [8.048067028406173, 44.01842822901174], [7.979526552764124, 43.964915834382815], [7.689120325652309, 43.88704641909961], [7.552810225096888, 43.867450319246096], [7.467525371397117, 43.81083423022823], [7.397118601409144, 43.76409491153125], [7.297616514769739, 43.667300783113284], [6.923080000487513, 43.44766577334766], [6.523014101592249, 43.15085180850391], [6.331224951354212, 43.11186941714649], [6.187778505889124, 43.092288576082034], [5.828570398894495, 43.020816408113284], [5.646554979888148, 43.03331717105274], [5.434490236846155, 43.103656373933596], [5.05181697329635, 43.32809790225391], [4.909845861998743, 43.366439424470705], [4.750594648925013, 43.35325964541797], [4.646513971892542, 43.320865236238284], [4.416764769164271, 43.34614523501758], [4.078196081725307, 43.48708685489063], [3.807468924132532, 43.467227540925784], [3.47871283015365, 43.31209524722461], [3.317868027297205, 43.19595297427539], [3.067900213805383, 42.944564424470705], [3.001891169158167, 42.77080877871875], [3.045898947325891, 42.53945501895313], [3.087081465331262, 42.36864431949024], [3.086528334227747, 42.329112611726565], [3.08628610095138, 42.1207233295], [3.156553778258508, 42.075721345857424], [3.128878864852136, 41.85722693057422], [2.628259214965051, 41.61954077334766], [2.200590166655725, 41.44614752383594], [2.080724749175256, 41.29848822207813], [2.065487708318266, 41.295597639403624], [1.609828624335474, 41.20915564151172], [1.442095519242574, 41.17999861920224], [1.311244878379053, 41.15725287051563], [0.879201922026819, 41.0217357501543], [0.733751806822962, 40.87495382876758], [0.709782037345117, 40.78514822574024], [0.82712546309585, 40.7274242267168], [0.787556442824548, 40.65688665957813], [0.505141589251703, 40.592757783845705], [0.237927589026636, 40.24019964785938], [-0.160625037344748, 39.886024080232424], [-0.203663793000036, 39.79943808169727], [-0.284515861960703, 39.63677176089649], [-0.394848432930762, 39.434459291414065], [-0.235902842673117, 39.06240423770313], [-0.203663793000036, 39.012652955964846], [-0.165695284100825, 38.95406302066211], [0.12611598095054, 38.821353517488284], [0.172570082751459, 38.738345704988284], [-0.107004006000811, 38.59149893374805], [-0.203663793000036, 38.54402884097461], [-0.43515532890206, 38.43033941836719], [-0.564126816185766, 38.21486624331836], [-0.664728876742178, 38.17657431216602], [-0.872343566807562, 37.75979956241016], [-0.802563574703985, 37.61500509829883], [-0.918272283467108, 37.57034262271289], [-1.364567962082678, 37.54839285464649], [-1.625712480934912, 37.439490877107424], [-1.816879835518652, 37.2924762591875], [-1.940475192459875, 36.95159872622852], [-2.238797393235022, 36.728396974519534], [-2.355097499283606, 36.82405050845508], [-2.624331441315466, 36.811297975496096], [-2.761496749314123, 36.69013937564258], [-2.915331569107825, 36.69013937564258], [-2.969792333039099, 36.74114950747852], [-4.446585622223669, 36.72201880069141], [-4.757303681763464, 36.48610647769336], [-5.216736283692175, 36.40959509463672], [-5.374227490814977, 36.23747595401172], [-5.38674971142655, 36.10998495669727], [-5.424260106476599, 36.07174261660938], [-5.457090821656042, 36.16735800357227], [-5.487933125885778, 36.173724733308596], [-5.485486474427038, 36.06536825747852], [-5.660587277802282, 36.008006654695315], [-5.850014176758581, 36.07174261660938], [-6.204461064728552, 36.28209646792774], [-6.304971661957556, 36.45422323794727], [-6.288880792053991, 36.57217749209766], [-6.444025006684119, 36.62318380923633], [-6.500485864075475, 36.718829713777346], [-6.421713319214636, 36.79216345401172], [-6.632153954895788, 37.02175100894336], [-6.947954621704869, 37.14931448550586], [-7.010098424347691, 37.165259920076174], [-7.227823701294714, 37.22585638614063], [-7.491503682526403, 37.20815619082813], [-7.603436437043005, 37.16297873111133], [-7.836042371186071, 37.03225287051563], [-8.033637967499548, 37.00878866763477], [-8.280239072235876, 37.088580690339846], [-8.541073766144567, 37.088580690339846], [-8.667059865387731, 37.12144049258594], [-8.990849461945349, 36.990008912996096], [-9.016643491181188, 37.069800935701174], [-8.841511693390661, 37.52514608950977], [-8.848719534846378, 37.81676788621598], [-8.851028409394079, 37.91018255801563], [-8.93278595486527, 37.96184118838672], [-8.822993245514684, 38.206073366121096], [-8.847303357514196, 38.384566865876955], [-8.788920369538122, 38.43598135562305], [-8.853651967438513, 38.4996410235918], [-9.022322621735388, 38.46102102847461], [-9.236570325287634, 38.41744955630664], [-9.2851581243599, 38.61946829409961], [-9.069152799042516, 38.64295919986133], [-8.941892590912634, 38.74191626162891], [-8.960826840790563, 38.81846197696094], [-9.040849652680212, 38.92018087954883], [-9.175754514130407, 38.73223074527149], [-9.361637082489782, 38.671145997957034], [-9.522397008332067, 38.6899371966875], [-9.54900738278275, 38.77451666446094], [-9.459762540253454, 38.95307882876758], [-9.3977069524849, 39.23036154361133], [-9.415269818695837, 39.366675935701174], [-9.299269643219763, 39.417735658601565], [-9.117922749909216, 39.64403494449024], [-8.915585484894567, 40.13814886660938], [-8.969669309052282, 40.19001730533008], [-8.69406982937699, 40.992171846345705], [-8.851777997406774, 41.40782888980274], [-8.854754414948278, 41.59685095401172], [-8.920735326203161, 41.76702078433399], [-8.806055035980993, 41.889178834871096], [-8.86048599758988, 42.0145336017168], [-8.798570599945837, 42.194530092195315], [-8.644062962921911, 42.419749818757815], [-8.805045094879919, 42.63155706973438], [-8.94172379055863, 42.824195466951174], [-9.173123326691442, 42.85590323062305], [-9.24685951748734, 42.900775514558596], [-9.270803418549352, 43.048690401033205], [-9.197466817292028, 43.158214174226565], [-9.013589826020056, 43.28085669131641], [-8.849216428192907, 43.326243959382815], [-8.595722165497595, 43.339618287996096], [-8.31041332760697, 43.35304983706836], [-8.25069710293656, 43.4304271564043], [-8.22022434750443, 43.61720999331836], [-7.979528870972448, 43.740054689363284], [-7.636274781616979, 43.721412263826174], [-7.151302304657751, 43.554942689851565], [-6.807975736054234, 43.523421846345705], [-6.467573609741979, 43.56272467227344], [-6.208046403321081, 43.640521608308596], [-5.979656186493688, 43.70537909121875], [-5.820451226624304, 43.70568808169727], [-5.537417855652624, 43.57745321841602], [-5.224896397980505, 43.507247529939455], [-4.802335706147009, 43.46944388003711], [-4.110216107758337, 43.45151098819141], [-3.847605910691077, 43.43916281314258], [-3.417000499161536, 43.37565191836719], [-3.195965257080847, 43.446883760408205], [-3.007205691727453, 43.55027350039844], [-2.768362489136511, 43.53787573428516], [-2.367384400757605, 43.326243959382815], [-2.142923348652433, 43.33147102864046], [-2.065644708069617, 43.333270631746096], [-1.914577808769995, 43.3054157123125], [-1.746070232781225, 43.36016043277149], [-1.561407771500403, 43.524425111726565], [-1.314379182251745, 44.558963380769534], [-1.135849919709021, 44.600101076082034], [-1.230320539864355, 44.730411134675784], [-1.331778016480261, 44.61382635684375], [-1.275514092835242, 45.12873037906055], [-1.175191727074438, 45.50050314517383], [-1.123440351876074, 45.431617341951174], [-0.900364187153631, 45.29391058535938], [-0.814226653965765, 45.12184103579883], [-0.728486028107458, 45.01864203067188], [-0.85470238009339, 45.321448884919924], [-1.13839491883164, 45.58316382022266], [-1.247395124825293, 45.688148103669924], [-1.236505594643408, 45.8000446185625], [-1.07519969025498, 46.01461752505664], [-1.165981498154455, 46.18368109317188], [-1.256056633385473, 46.30683096499805], [-1.402668443116003, 46.403934083894534], [-1.710726466568762, 46.44879110904102], [-1.942478146942908, 46.70579870791797], [-2.129660334976965, 46.85084494204883], [-2.004645553025061, 47.04250296206836], [-2.10947760620957, 47.124042116121096], [-2.263749804886633, 47.18288382144336], [-2.493711915406042, 47.24692114444141], [-2.576483931931311, 47.324866853669924], [-2.46554347554093, 47.49438437075977], [-2.613652196320349, 47.572249971345705], [-2.842474189194494, 47.49190481753711], [-3.062696423920447, 47.60393866153125], [-3.433526244553381, 47.71681173892383], [-3.7118680147255, 47.79814871402149], [-3.858102050217444, 47.79180868716602], [-3.954837766083533, 47.90433844180469], [-4.36437365094071, 47.82931097598438], [-4.390935388001257, 47.94184836001758], [-4.510127511414343, 47.99813040347461], [-4.675397363098913, 48.01689489932422], [-4.700306382569128, 48.06380423159961], [-4.312866177948766, 48.10133322329883], [-4.350984063538366, 48.204566560701174], [-4.587968316468054, 48.25149496646289], [-4.38890167752152, 48.298438631013674], [-4.350201573761755, 48.390506349519534], [-4.473793950470739, 48.382937990144534], [-4.59202143231278, 48.392318330720705], [-4.779634442719275, 48.354774080232424], [-4.761963334473425, 48.55200155825977], [-4.625704255493932, 48.546668611482424], [-4.488299336823278, 48.61226614566211], [-4.25147720852738, 48.65191229434375], [-3.998872962387854, 48.73053701968555], [-3.902217355164343, 48.64596136660938], [-3.821306434067541, 48.721149049714846], [-3.607873406800085, 48.692950807527346], [-3.557670083435827, 48.810077272371096], [-3.43505784550553, 48.83645971866016], [-3.091225352677161, 48.87155111880664], [-2.914459433945471, 48.70678671450977], [-2.790535416992956, 48.58958014102344], [-2.636378016861731, 48.55200155825977], [-2.342885461243445, 48.67414816470508], [-2.200072136315161, 48.598983369783205], [-2.075967636498266, 48.65615805240039], [-1.870566811951452, 48.711742006257815], [-1.857612696083838, 48.60836752505664], [-1.591356840523535, 48.63750036807422], [-1.456587758454138, 48.683551393464846], [-1.575547900589758, 48.76814230533008], [-1.588412251862341, 48.88095053286914], [-1.563408580216223, 49.036239229158205], [-1.579779472740942, 49.2290111407793], [-1.638999786766821, 49.219607912019534], [-1.891543593796545, 49.526351533845705], [-1.941284146698767, 49.70930441470508], [-1.524247136505896, 49.65277060122852], [-1.250969496163183, 49.69987829776172], [-1.288660493286902, 49.520972810701174], [-1.177143421562964, 49.33254965396289], [-1.023191001805121, 49.39845999331836], [-0.464948442372137, 49.35137899966602], [-0.239364930036122, 49.28548773379688], [-0.203663793000036, 49.291812501863284], [0.032870042530245, 49.33370550723438], [0.330848249999231, 49.45495565982227], [0.090372207966989, 49.51055487246875], [0.115054044333643, 49.60227545352344], [0.189372840729898, 49.681026063875], [0.528559717742151, 49.8258014545], [0.868757519332117, 49.90724905581836], [1.274518880454248, 50.00430258365039], [1.416228327361292, 50.10984381289844], [1.551989111510462, 50.22880896182422], [1.528296861258692, 50.57772787661914], [1.588920149413294, 50.821883760408205], [1.796177011925257, 50.92141446442835], [1.823555264083093, 50.93456228824024], [2.030328068343347, 51.006656251863284], [2.44259599169845, 51.04803045840625], [2.522131952849573, 51.09112127871875], [2.995262178984827, 51.313479982332034], [3.2136051984703, 51.35356863589649], [3.472019943801111, 51.31439169497852], [3.681297096816248, 51.3214183673418], [3.775046858397669, 51.38774450869922], [3.743475946990198, 51.460452638582034], [3.520320448485559, 51.57913549991016], [3.878135714141077, 51.79172857852344], [4.264411482421107, 52.07089193911914], [4.387240442839809, 52.230365358308596], [4.641012701598353, 52.75569876284961], [4.718774351683802, 52.80241736026172], [5.008403811064905, 52.85619314761524], [5.173285517302698, 52.743419252351565], [5.234628233519739, 52.62285193057422], [5.108244452086634, 52.5315013751543], [5.006087812987513, 52.55688437075977], [5.035744223204799, 52.333716951326174], [4.949828180876917, 52.27794607730274], [5.473186525908655, 52.17660482974414], [5.574368986693568, 52.28301580996875], [5.756913218108362, 52.333716951326174], [5.817143950072475, 52.52136190982227], [5.61125472506637, 52.5315013751543], [5.555709871855922, 52.58732184024219], [5.546892675963587, 52.678695283845705], [5.6534405084526, 52.74977835269336], [5.576382670012659, 52.759933076814455], [5.325746092406458, 52.790408693269534], [5.358019384947962, 52.937747560457034], [5.34275344332809, 52.99631079287891], [5.332119974700159, 53.01144751162891], [5.389523062316126, 53.13857229800586], [5.647349867430872, 53.227759920076174], [5.9663067193901, 53.33501013369922], [6.260716471282191, 53.32174261660938], [6.750721964446253, 53.38986166568164], [6.861045393553919, 53.26576193423633], [7.009059462157434, 53.24541052432422], [7.043283495513148, 53.164004884675784], [7.159938845244593, 53.16400106997852], [7.189745459166712, 53.230140291169924], [6.980709108916468, 53.3166576251543], [7.037332090941614, 53.51014669986133], [7.165639433470911, 53.591670595125], [7.332391771880335, 53.60442694278125], [7.836380991545862, 53.63209494204883], [7.875028892914434, 53.63368572579089], [7.968539270964808, 53.63753470034961], [8.011022600737757, 53.565692506746096], [8.098732981291956, 53.44393499942188], [8.029082331267542, 53.37264975161914], [8.174986872283167, 53.32174261660938], [8.24193385562057, 53.3522907123125], [8.260771784392542, 53.438846193269534], [8.189001116362757, 53.530520997957034], [8.305650744048304, 53.52543219180469], [8.501803431121058, 53.44902762027149], [8.428657564727015, 53.61204870791797], [8.516240577905531, 53.76104174723696], [8.539542231169886, 53.80068167300586], [8.585600878584286, 53.7930778153404], [8.848478350249476, 53.749679170564455], [8.855943323739963, 53.750780401847486], [10.40359571065173, 52.96342299026072], [13.878257469156082, 50.8195578563665], [12.195218179880536, 50.371533105871535], [12.30378361938887, 49.10049183705921], [12.75352162757752, 48.93294238302814], [14.755568394988861, 48.187081822619994], [15.757694461157344, 48.53782594577896], [16.078781624466824, 48.42668038924876], [15.886140101986106, 47.86547983497711], [17.803190265556196, 47.10145779870038], [18.905605154940865, 47.44094904033701], [18.86428526627964, 45.581554050581936], [19.065554967771348, 45.53510719639154], [20.16704915229867, 45.28091623073139], [20.385843565250656, 44.797594038362774], [20.921798221915534, 44.65248758959712], [21.19899665774994, 44.92968602543153], [22.954586751367856, 44.65248758959712], [23.139385708590794, 43.91329176070537], [25.264573716654585, 43.8208922820939], [26.835364853049565, 44.19049019653978], [28.036558074998663, 44.375289153762715], [27.944158596387194, 44.92968602543153], [28.2213570322216, 45.48408289710034], [29.615916285124964, 45.41020544619922], [29.683211359587855, 45.37478979678516], [29.710764917937464, 45.25833471866016], [29.578961405364222, 45.0575023517168], [29.457522425261683, 44.91514929385547], [29.261582407561487, 44.895423494294924], [29.08974936923141, 44.87573202700977], [28.918236765471644, 44.765750490144534], [28.686247858611292, 44.48805197329883], [28.57311347445602, 44.19782217593555], [28.529885325041956, 43.84347113223438], [28.51010611971969, 43.74307592959766], [28.48053840121383, 43.59228476138477], [28.44569304904098, 43.476363740876955], [28.328095469084925, 43.43752630801563], [28.187058481780237, 43.450118623689455], [28.034638437834925, 43.39190252871875], [27.897984892819917, 43.08729695206554], [27.05661084376462, 43.16314989680194], [24.0809616391434, 42.20353142971126], [25.235998594040666, 40.91033831822741], [25.046317133513636, 40.952273927644534], [25.01892951449508, 41.01714666934375], [24.812115702239222, 40.933421693757815], [24.70066359957809, 40.878341279939455], [24.519127878752894, 40.873065553621096], [24.50495246371383, 40.98406942935352]]], [[[34.89496901949996, 32.66283377261524], [34.9565878244316, 32.704818330720705], [34.95908263644332, 32.79665716739063], [34.97200683077926, 32.93840750308399], [35.08897307833785, 33.069259248689455], [35.13231185397262, 33.231517396882815], [35.208388361540976, 33.33358725161914], [35.35608962496871, 33.639781557039065], [35.34855941256637, 33.74446829409961], [35.4298658700859, 33.74446829409961], [35.49185088595504, 33.83082541079883], [35.52440169772262, 33.974769197419924], [35.53208068331832, 34.11870535464649], [35.71620849093551, 34.31236990542774], [35.82100585421676, 34.34377630801563], [35.87306502780074, 34.422286592439455], [35.85191634616012, 34.49294622989063], [35.75075438937301, 34.74680670352344], [35.808852228728476, 35.013797365144534], [35.84138015231246, 35.04263266177539], [35.7964315744316, 35.27071722598438], [35.607340845671835, 35.417544923738284], [35.66395858248824, 35.45949514956836], [35.68043044528121, 35.52767141909961], [35.73317626437301, 35.58536108584766], [35.69143203219527, 35.68502005191211], [35.73950484713668, 35.690265260652346], [35.85594466647262, 35.83450277896289], [35.82905105074996, 35.884784303621096], [35.718504938689414, 36.091556154207034], [35.66494658908004, 36.133529268220705], [35.708632502165976, 36.21223410220508], [35.81413775284691, 36.29849189856277], [35.817240748015585, 36.301028810457034], [36.09526351412887, 36.48246344180469], [36.10452178439254, 36.56117209048633], [36.082430872527304, 36.621532045320315], [35.956793818083945, 36.74749334903125], [35.890875849333945, 36.7711139545], [35.67174056491012, 36.605784975007815], [35.56761458834762, 36.58741720767383], [35.506171259490195, 36.55855520816211], [35.54760268649215, 36.54018362613086], [35.49458983859176, 36.443099580720705], [35.41708281954879, 36.43260534854297], [35.38869765719527, 36.45359381289844], [35.35417846163863, 36.41423758120899], [35.220526728240195, 36.388003908113284], [35.07137206515426, 36.487708650544924], [34.86991027316207, 36.576922975496096], [34.66238311251754, 36.64777334781055], [34.48512938937301, 36.626781068757815], [34.10322097262496, 36.38032492251758], [33.95171264132613, 36.25157888980274], [33.954054865447226, 36.15975912661914], [33.89098266085738, 36.13877447696094], [33.835875544158164, 36.107295595125], [33.83369735201949, 36.07057150454883], [33.75317672213668, 36.14664038272266], [33.48169997653121, 36.05428274722461], [33.17133620699997, 35.97088202090625], [32.90411666354293, 35.976695619539065], [32.64034179171676, 36.007999025300784], [32.33497909030074, 36.128367982820315], [31.90200713595504, 36.496863923982424], [31.370690378752894, 36.712344728425784], [30.905310663787073, 36.79421576114063], [30.593590769377894, 36.76173361392383], [30.54006675204391, 36.64696081729297], [30.49665168246383, 36.37298163028125], [30.47283271273727, 36.18825491519336], [30.394862207976526, 36.118045412019534], [30.279892954436487, 36.1178050860918], [30.16613105258102, 36.18761786075], [29.661955866423792, 36.078345857576174], [29.47193244418258, 36.090694032625], [29.298188242522425, 36.17311819644336], [29.04227176762003, 36.6242494130934], [29.06565715692341, 37.078720538443484], [28.605694998041052, 37.121050418728466], [28.0184707733314, 36.88062442785551], [27.998808893767542, 36.909366212800784], [27.553477320281214, 36.91482504458789], [27.308110270110316, 36.92070730777149], [27.26863006075973, 37.04168280215625], [27.525639566985316, 37.131412111238284], [27.492524180022425, 37.23967321963672], [27.36463263949508, 37.328631959871096], [27.16040709933395, 37.36008032412891], [27.122561487761683, 37.49385031314258], [27.141085657683558, 37.64686544986133], [27.17978385409469, 37.77442892642383], [27.139773401824183, 37.88909109683399], [26.961377176848597, 37.94610556216602], [26.679331812468714, 38.104938112214846], [26.512320551482386, 38.066348634675784], [26.393214258757776, 38.10436209292774], [26.391598734465784, 38.219127260164065], [26.46871093234176, 38.44475897403125], [26.5274114938652, 38.41824301333789], [26.742451700774378, 38.27838858218555], [26.99743178805465, 38.40005835147266], [26.819674524871058, 38.52725180240039], [26.828822168914026, 38.58296164126758], [26.695696863738245, 38.640765748933596], [26.709471735564417, 38.69857367129688], [26.966380152312464, 38.76993139834766], [27.03491309603805, 38.82109793277149], [27.00422004183883, 38.88482626529102], [26.93680289706344, 38.924563966707034], [26.785336527434534, 38.94033392520313], [26.789847406951136, 39.024425111726565], [26.870751413909144, 39.05596884341602], [26.797139200774378, 39.12955816836719], [26.707943949309534, 39.18212851138477], [26.70405486544723, 39.250472627595705], [26.60224250277633, 39.25572928042774], [26.720158609954066, 39.33724936099414], [26.853512796965784, 39.46076925845508], [26.926152262297816, 39.476546846345705], [26.957518610564417, 39.54832800479297], [26.804265055266566, 39.56715353579883], [26.54617789706344, 39.51334723086719], [26.138976130095667, 39.43973883242969], [26.064057383147425, 39.45551260562305], [26.08488753756637, 39.604007326082034], [26.141903910247034, 39.66058310122852], [26.140706095305628, 39.74998053164844], [26.127575907317347, 39.878558717683596], [26.18600944003219, 39.997195802644534], [26.32033446749801, 39.99192389102344], [26.403052363005823, 40.176490388826174], [26.48171142062301, 40.18703802676563], [26.765282663909144, 40.37694128604297], [26.99647429904098, 40.371661745027346], [27.056124720183558, 40.4296947345293], [27.271754297820276, 40.450809083894534], [27.329234156218714, 40.35583456607227], [27.449610743132776, 40.30979498477344], [27.52599433383102, 40.297137819246096], [27.763894114104456, 40.28725393863086], [27.830164942351526, 40.34528311343555], [27.799843821135706, 40.40331991763477], [27.67928794345016, 40.46135290713672], [27.807831797209925, 40.50357016177539], [27.95380500277633, 40.48773916812305], [28.006459269133753, 40.450809083894534], [27.90821746310348, 40.35055502505664], [28.003991160002894, 40.36212881656055], [28.477719339934534, 40.39510305972461], [28.756440195647425, 40.37645300479297], [28.926756891814417, 40.35583456607227], [29.0524244638359, 40.33473166079883], [29.122286829558558, 40.41387137027149], [29.083527597991175, 40.45607718081836], [28.873215708342737, 40.471908174470705], [28.777958902922816, 40.524676881746096], [28.901621851531214, 40.62010534854297], [29.525197062102503, 40.68828924746875], [29.713147196379847, 40.693561159089846], [29.88271811923141, 40.746356569246096], [29.68344596346969, 40.75163611026172], [29.417172464934534, 40.741073213533205], [29.320355448332972, 40.741073213533205], [29.289643320647425, 40.806686006501955], [29.01453307589645, 40.97867163272266], [29.16120818575973, 41.21636541934375], [29.57778075656051, 41.153365694001955], [30.137623819915003, 41.13183554263477], [30.256087336150355, 41.18466528506641], [30.74480536898727, 41.04032476992969], [31.217682871428675, 41.05409201236133], [31.404126200286097, 41.16353949160938], [31.385666880217737, 41.2850414142168], [31.66638854464645, 41.394813142732424], [31.87128737887496, 41.49144323916797], [32.41898253878707, 41.74916800113086], [32.6879110666191, 41.84597357364063], [33.155463251677695, 41.94960745425586], [33.555541071501914, 41.982501588777346], [33.89665511569137, 41.95108374209766], [34.303900751677695, 41.89411886783008], [34.662909540740195, 41.87558325381641], [35.00186828097457, 42.043162904695315], [35.098830256072226, 41.80586203189258], [35.28607467135543, 41.67147787661914], [35.411437067595664, 41.626815401033205], [35.677855524626914, 41.62093313784961], [35.95779326876754, 41.685645662263674], [36.16136840304488, 41.35250052066211], [36.38289550265426, 41.23751791568164], [36.64124587496871, 41.31498297305469], [36.81701186617965, 41.289683900789065], [37.25282576998824, 41.027721010164065], [37.82184127291793, 41.00963171573047], [38.313963923064414, 40.920901857332034], [38.651183161345664, 40.92156942935352], [39.138644251433554, 41.0443187579668], [39.370177301970664, 41.06399878116016], [39.663004908171835, 41.0004955157793], [40.006712946501914, 40.95632895083789], [40.36101439913863, 40.963443361238284], [40.60989287814254, 41.028026185945315], [41.27776209668922, 41.28002979163246], [41.29311660250777, 41.28582342715625], [41.483962092009726, 41.436542116121096], [41.52111342867965, 41.46583517642383], [41.66611388644332, 41.72915228457813], [41.68046859225387, 41.793338380769534], [41.58518608377482, 40.55282293348646], [41.585186083774815, 40.55282293348645], [41.43599645438683, 39.66889208911677], [42.68083689473743, 37.67084917490462], [42.680836894737446, 37.67084917490462], [42.21650648242386, 35.36804996953378], [39.95610491787327, 35.75662606214125], [38.37574401131226, 33.531644259482995], [38.12784757040444, 33.18263216504698], [37.15753620642798, 33.35537160534708], [35.86214049564717, 31.625474142641696], [34.66692406521158, 32.00598419876229], [34.68133834323043, 32.045978151277346], [34.75850203951949, 32.30071981997852], [34.84289077242965, 32.670699678376955], [34.89496901949996, 32.66283377261524]]], [[[32.49112434922471, 29.794817982634576], [32.43838027438277, 29.7755199298418], [32.31849196871871, 29.54019697757129], [32.590575251189414, 28.93719633670215], [32.64934447726363, 28.76578100772266], [32.93467620333785, 28.37882574649219], [33.35421660861129, 27.9095474109209], [33.5669393869316, 27.369950853303713], [33.80406478366012, 26.93206938357715], [33.92880919894332, 26.56382330508594], [34.104220423308554, 26.354524217561526], [34.51484206637496, 25.573916994050784], [34.99740127047652, 24.71719893069629], [35.189864191483686, 24.399919115245694], [35.1898641916191, 24.399919115022463], [33.657230668213316, 24.017988632918694], [33.690083292409675, 23.54952842887194], [33.345321283718846, 23.354044941061307], [33.3453212837093, 23.354044941055896], [32.60525827172126, 22.815817295973687], [31.999752171003777, 22.68126038470313], [31.057853792109913, 22.68126038470313], [30.04109042490447, 24.62227373627086], [28.40615598944454, 27.74338300369825], [26.742965374438096, 28.574978311201477], [22.307790401087573, 29.960970490373516], [21.29139613636141, 29.960970490373516], [19.351007085520557, 29.406573618704698], [18.6118112566288, 29.406573618704698], [16.022141979167955, 30.499989535854834], [14.453834719112688, 31.162163712322617], [9.833860788539226, 32.91775380594053], [8.63266756659013, 34.02654754927816], [7.985871216309846, 35.50493920706167], [-8.640263524445349, 33.12173422427539], [-8.31441494503861, 33.33848150821094], [-7.902406182678991, 33.48548849673633], [-7.332620587738806, 33.69637259097461], [-7.004007783325964, 33.874984346345705], [-6.752974477204138, 34.12335165591602], [-6.511472192200475, 34.45429953189258], [-6.472049931118064, 34.530940244894], [-6.32767397652496, 34.81162115452381], [-6.302049127014929, 34.86143835635547], [-5.928758588227087, 35.72785910220508], [-5.807887044342809, 35.78541525454883], [-5.565000024231725, 35.862342439607424], [-5.479359116944128, 35.80520590396289], [-5.171789613159948, 35.42376288028125], [-5.10963150540238, 35.37931402774219], [-4.592977490814977, 35.151187501863284], [-4.29535099545365, 35.15178640933399], [-4.027887788208776, 35.13323553653125], [-3.440804210099036, 35.166278444246096], [-3.205772366913611, 35.26860769839649], [-3.009028163346106, 35.38997992129688], [-2.829877105149084, 35.14205893130664], [-2.714807000550085, 35.09774359317188], [-2.355662789734656, 35.05391653628711], [-2.325944383332021, 35.053977160631526], [-2.192973938378149, 35.05424841494922], [-2.035251822861487, 35.054568849519534], [-1.738327947052771, 35.11883123965625], [-1.495096531304175, 35.23390158267383], [-1.329105701836401, 35.48890646548633], [-1.146667149456793, 35.62936743350391], [-0.917491999062353, 35.66803701968555], [-0.734306838902289, 35.73846014590625], [-0.428770822080427, 35.86006888003711], [-0.282988813313299, 35.75847586245899], [-0.203663793000036, 35.75072058291797], [-0.091654170843416, 35.73976858706836], [0.015310812202638, 35.803668580964846], [0.198671731558985, 36.033309541658205], [0.474390897360986, 36.22496374698047], [0.781242343989557, 36.38485296817188], [1.057602915373987, 36.461856447175784], [1.579693111983484, 36.51388891787891], [2.293774160948938, 36.54082449527149], [2.524363550749964, 36.57315023990039], [2.809869083968347, 36.71390112491016], [3.070006403533167, 36.61885794253711], [3.323837790099329, 36.65123327823047], [3.586873087493128, 36.79195364566211], [3.741224560347742, 36.83686789126758], [4.163919005004114, 36.83135183902149], [4.394624266234583, 36.83819159121875], [4.532551798430628, 36.8129840716875], [4.632117304412073, 36.79406698794727], [4.777191671935266, 36.743384920076174], [5.144465002623743, 36.66767843814258], [5.382732424346155, 36.67453344912891], [5.730162176696009, 36.7517047748125], [6.047393831816859, 36.841556154207034], [6.322870287505335, 37.090648256257815], [6.770537409392542, 36.86214789004688], [6.923042807189174, 36.81784018130664], [7.063241037932581, 36.881854616121096], [7.204853090850062, 36.99046667666797], [7.306981119719691, 37.06078299136524], [7.544922861663049, 37.04214438052539], [7.719043287841028, 36.95327719302539], [7.79204085787887, 36.83235891909961], [7.913174662200159, 36.77524908633594], [8.145014795867151, 36.813949190095705], [8.63670924624557, 36.885257326082034], [8.865518602935023, 36.96835287661914], [9.15028003176803, 37.17287405581836], [9.416118654814905, 37.27537878604297], [9.73219970187301, 37.28239782901172], [10.021354708281702, 37.20013388247852], [10.132734331694788, 37.104747377351565], [10.158871683684534, 36.99647482486133], [10.271508249846644, 36.754554353669924], [10.392797503081507, 36.716571412996096], [10.580582651702112, 36.79342230410938], [10.843251261321253, 36.99148901553516], [11.02375701388473, 37.06832464785938], [11.039403948394007, 36.90904577823047], [10.920062098113245, 36.6539378985918], [10.633412394133753, 36.424014650300784], [10.509244951811976, 36.21355398745899], [10.511460337248987, 36.08616980166797], [10.602607760039515, 35.88894613833789], [10.830826792327112, 35.679278932527346], [10.988951716033167, 35.622298799470705], [11.125108751860804, 35.2406078204668], [11.082800898162073, 35.14503439517383], [10.839357409087366, 34.8011546954668], [10.574025187102503, 34.648109041169924], [10.11642173251266, 34.234168611482424], [10.019480738249964, 34.08147390933399], [10.148656878081507, 33.87839850039844], [10.412600550261683, 33.63112600894336], [10.650217089263148, 33.49818380923633], [10.778140101042933, 33.473033510164065], [10.956539187041468, 33.575057588533205], [11.099118265715784, 33.53722723575], [11.208920511809534, 33.25152166934375], [11.470686945525355, 33.14409216494922], [12.117019686309046, 32.87850149722461], [12.56475642642135, 32.73963888736133], [12.79886344393844, 32.733768068269534], [13.187125238982386, 32.791759096101565], [13.458779368010706, 32.77960928531055], [14.157023462859339, 32.67937811465625], [14.433427843657679, 32.46390875430469], [14.790810618010706, 32.362994752839846], [15.009786638823694, 32.363441072419924], [15.163704905120081, 32.27480658145313], [15.241435083953089, 32.17330130191211], [15.358129534331507, 31.805022798494143], [15.53340819796676, 31.55121573062305], [15.843325647917933, 31.285003267244143], [16.013379129973597, 31.22817000003223], [16.31838706454391, 31.165261827424807], [16.78251937350387, 31.128097139314455], [16.983780893889612, 31.09674223513965], [17.421629938689417, 30.99598654361133], [17.70897963961715, 30.894923768953127], [17.957158121672816, 30.768363557771487], [18.537213358489222, 30.41374548526172], [18.608251734640834, 30.374469834132547], [18.88543416831375, 30.221221390772325], [18.91502669772262, 30.204860292390627], [19.12453940829391, 30.198943696931643], [19.31879586713139, 30.255372139199526], [19.3228159280693, 30.256539903596682], [19.66391471346969, 30.44150122256641], [19.981537851897425, 30.721730791047854], [20.11676886996383, 30.957103334382815], [20.116768869963657, 30.957103334605364], [20.11667922457809, 31.071467958406252], [19.992096933928675, 31.350774370149416], [19.94158271273727, 31.611169420198244], [19.961470636931605, 31.795470796541018], [20.068364176360316, 32.03713568301563], [20.365721735564417, 32.29824026675586], [20.51552489718551, 32.38751181216602], [20.765051874724573, 32.49603231997852], [21.05449775179977, 32.630050264314455], [21.673419031706995, 32.815589509919924], [22.215989145842737, 32.79128988833789], [22.54312613925094, 32.72207220645313], [22.92284682711715, 32.55765875430469], [23.00733283480758, 32.48158987613086], [23.026656183806605, 32.25291021914844], [23.153338465300745, 32.138812623933596], [23.2886362405693, 32.13273199649219], [23.714034113494105, 32.0764232501543], [23.74241927163002, 32.0640980489926], [24.03440383395309, 31.937314592317385], [24.236922297087855, 31.92502363772754], [24.8158579202568, 31.90715368838672], [24.95152572116012, 31.818492494539065], [24.982237848845667, 31.647012315706057], [25.106553110686487, 31.51384123416309], [25.258229288665003, 31.437919221833987], [25.50715545138473, 31.444781862214846], [25.789500269499964, 31.48984106631641], [26.143334421721644, 31.490577302888674], [26.823994669524378, 31.358560167268557], [27.08809569796676, 31.306726060823244], [27.438754114714808, 31.25182493777637], [27.763331446257776, 31.182614885286135], [27.919449839202112, 30.99868544192676], [28.099829706755823, 30.99905737491016], [28.517182383147425, 30.9617992267168], [28.966422113982386, 30.784841142610354], [29.2488470407402, 30.753661714509768], [29.35938170870895, 30.81107100100879], [29.683102640715784, 31.053170762971682], [30.099139246550745, 31.231925569490237], [30.476056131926722, 31.31528814883594], [30.827059778777308, 31.436736665681643], [30.995955500212855, 31.468850694612307], [31.15138152560348, 31.443749986604494], [31.392270121184534, 31.44426115603809], [31.71741584262008, 31.387752138093752], [31.80812362155074, 31.178281389192385], [32.076510462371054, 31.013650499299807], [32.30937865695113, 31.08401831241016], [32.36984576191369, 31.05878722655157], [32.49112434922471, 29.794817982634576]]]]}, "properties": {"period_year": -1, "label": "Roman Empire"}}, {"type": "Feature", "geometry": {"type": "MultiPolygon", "coordinates": [[[[1.511889729109949, 52.02575644107227], [1.031286153403467, 51.812720857576174], [0.686218056288904, 51.56038626284961], [0.254172805157846, 51.453597627595705], [0.804253611174768, 51.37826880069141], [1.0300673576271, 51.35884817691211], [1.189365777579492, 51.40547140689258], [1.36468068083877, 51.35290487857227], [1.33496442755813, 51.12069662661914], [0.886016640273279, 50.981891237214846], [0.888346943465418, 50.89267309756641], [0.672568890658563, 50.930667482332034], [0.191810223666376, 50.73128470034961], [-0.203663793000036, 50.79532965274219], [-0.335705709251219, 50.816714845613284], [-0.839040127190405, 50.72180136294727], [-1.103359904679114, 50.816714845613284], [-1.372512188347632, 50.766273103669924], [-2.085358705910497, 50.702823244050784], [-2.023685899170691, 50.570010744050784], [-2.431994643601233, 50.64588888736133], [-2.550505128296667, 50.570010744050784], [-2.960618939789587, 50.72180136294727], [-3.110884395035559, 50.65736349673633], [-3.131739111068131, 50.655335218208585], [-3.188912504599814, 51.17873152457686], [-3.066043343933874, 51.177737794832034], [-3.033148970993811, 51.32989462466602], [-2.894663300904089, 51.39384802432422], [-2.750154700669104, 51.644027315095705], [-3.172751632126623, 51.46690710635547], [-3.290847904894552, 51.464283047650085], [-3.499117579850012, 51.45965536685352], [-4.159330811890417, 51.67681463809375], [-4.998957600983434, 51.70170172305469], [-5.178603139313513, 51.787471376375], [-5.248757806214147, 51.860213838533205], [-5.06146427670365, 52.00643499942188], [-4.619082894715124, 52.093516908601565], [-4.294657674225622, 52.200320802644534], [-4.123608317765051, 52.37326391787891], [-4.093874898346716, 52.74550970645313], [-4.147546019944006, 52.83189734073047], [-4.468318429383093, 52.81130179019336], [-4.62135025540238, 52.83098181338672], [-4.491883244904333, 52.990977846101565], [-4.317542043122106, 53.09120901675586], [-3.956724610718542, 53.205150209382815], [-3.329535689743811, 53.233016572908205], [-2.914475407990271, 53.26714285464649], [-3.056740966233069, 53.513614259675784], [-2.979541268738562, 53.82085379214649], [-2.865320411118323, 54.02827414126758], [-2.885938134583288, 54.16866644473438], [-3.261474337967688, 54.14118155093555], [-3.479265180023962, 54.274600587800784], [-3.569233384522253, 54.41502722354297], [-3.4304058221901, 54.64308127017383], [-3.169846987259319, 54.825904097776125], [-1.5570160149371, 54.92510455490735], [-1.555618610771948, 54.92161139102344], [-1.388892021569067, 54.68048056216602], [-1.192056861313635, 54.595355592683596], [-0.870595899018103, 54.54716833682422], [-0.604803499373251, 54.30016287417774], [-0.295500930937582, 54.03316839785938], [-0.23488095270341, 53.79938467593555], [-0.319215585085207, 53.57891424746875], [-0.318142512140932, 53.57839764138827], [-0.203663793000036, 53.52328451724414], [0.081015858260339, 53.3862262591875], [0.174518886414713, 53.29305990786914], [0.267848494855112, 53.12666281314258], [0.250867608395761, 53.04005392642383], [0.005501198974794, 52.786666475251955], [0.326831850615686, 52.707477174714846], [0.50467011651153, 52.847510896638674], [0.741839024630731, 52.901195131257815], [1.01266435107345, 52.88841589541797], [1.375926766005701, 52.809241853669924], [1.585714611617273, 52.650043092683596], [1.691691670027918, 52.311420045808596], [1.656872067061609, 52.21178396792774], [1.511889729109949, 52.02575644107227]]], [[[24.091456446257776, 35.51980169864063], [24.073323282805628, 35.49620398135547], [24.113204035369105, 35.48571737857227], [24.177744898406214, 35.46998556704883], [24.219702753630823, 35.44900091739063], [24.229603800383753, 35.39131888003711], [24.388283762541956, 35.37296637149219], [24.768567118254847, 35.42802771182422], [24.997481379119105, 35.42102011294727], [25.013600382415003, 35.36247976870899], [25.10009101351852, 35.34674795718555], [25.37401870211715, 35.31790503116016], [25.511635813323206, 35.29476507754688], [25.673207316008753, 35.349368654207034], [25.713534388152308, 35.327010713533205], [25.668467554656214, 35.18682058902149], [25.741803202239222, 35.13700445742969], [25.788973841277308, 35.13700445742969], [25.9354925485527, 35.21303518863086], [26.064152750579066, 35.23924978824024], [26.09935286959762, 35.215648256257815], [26.168826136199183, 35.247108064607424], [26.273509058562464, 35.312659822419924], [26.23604491671676, 35.228763185457034], [26.242667231169886, 35.144874177888674], [26.160485300627894, 35.02428396792774], [25.898680719939417, 35.04525717349414], [25.741736445037073, 35.008853517488284], [25.590724024382776, 35.01641806216602], [24.693467173186487, 34.94047125430469], [24.7156381936943, 35.03477057071094], [24.690066370574183, 35.09244116397266], [24.324357065764612, 35.20778997989063], [24.01319793185348, 35.21041449160938], [23.785594019499964, 35.26285132022266], [23.56772330721969, 35.254981599763674], [23.513134989348597, 35.275958620027346], [23.46688559970016, 35.31790503116016], [23.529439005461878, 35.569625459626955], [23.671465906706995, 35.572249971345705], [23.669087442961878, 35.611583314851565], [23.665133509246058, 35.66665609927539], [23.69665626010055, 35.698123537019534], [23.73367789706344, 35.62731894107227], [23.742875132170862, 35.56175955386524], [23.879452738372034, 35.55241736026172], [23.956812891570276, 35.52767141909961], [24.039004358855433, 35.56175955386524], [24.033263239470667, 35.59847220034961], [24.08185676058883, 35.611583314851565], [24.15267661532516, 35.56438025088672], [24.13581756075973, 35.52242621035938], [24.091456446257776, 35.51980169864063]]], [[[8.374221834746546, 39.307845674470705], [8.465033564177698, 39.639937959626955], [8.508480105010218, 39.946475587800784], [8.487975153533167, 40.20879705996875], [8.42818931063766, 40.464854799226565], [8.20155242404098, 40.66299780459766], [8.159486803618616, 40.7846752032793], [8.240707430449671, 40.85533865542774], [8.40555289706344, 40.86208304019336], [8.766072306243128, 40.8628002032793], [8.91842368563766, 40.94002493472461], [9.30620387515182, 41.18444784732227], [9.590851816741175, 40.902911745027346], [9.79373935183639, 40.56368216128711], [9.787847551909632, 40.44195517154102], [9.695723566619105, 40.31368979068164], [9.630800280181116, 40.09585531802539], [9.69800952395553, 39.69349630923633], [9.648338350859827, 39.45721396060352], [9.47892001589889, 39.14415701480274], [9.296275171843714, 39.23312338443164], [9.062541994658655, 39.21989019961719], [8.998516115752405, 39.175094209626955], [8.931367907134241, 39.05370291324024], [8.819559130278773, 38.976913057283205], [8.696099314299769, 38.99581106753711], [8.582376513091273, 39.06576880069141], [8.417174372283167, 39.212203584626955], [8.374221834746546, 39.307845674470705]]], [[[8.609300646392054, 42.48734625430469], [8.87900260409469, 42.624766908601565], [9.000392946807093, 42.63458975406055], [9.018427881804651, 42.69103964419727], [9.149460825530237, 42.710670076326174], [9.23769286593551, 42.664039216951174], [9.280391726103968, 42.727855287507815], [9.270520243254847, 42.882510744050784], [9.30318931063766, 42.983192048982424], [9.367051157561487, 42.988101564363284], [9.414238962737269, 42.90952643008594], [9.432161364165491, 42.79413565249805], [9.40549472293014, 42.58059652896289], [9.458552393523401, 42.55605658145313], [9.486711535063929, 42.4063793048418], [9.452508959380335, 42.04830511660938], [9.357456240264124, 41.90121039004688], [9.304538759795374, 41.575267396882815], [9.173024210540003, 41.34990652652149], [9.038939509001917, 41.36949881167774], [9.013268503752894, 41.457679353669924], [8.828752550688929, 41.49197729678516], [8.726921114531702, 41.56056936831836], [8.854648623076624, 41.65367849917774], [8.823254618254847, 41.68797644229297], [8.626926455107874, 41.73208960147266], [8.742449793425745, 41.8815990314043], [8.692829165068812, 41.913463197664065], [8.561865839568323, 41.8815990314043], [8.537932428923792, 41.94778021426563], [8.589588198271937, 41.957591615632815], [8.66831210574264, 42.02868612857227], [8.626454386321253, 42.09734304995899], [8.510698351470179, 42.13412436099414], [8.517246279326624, 42.20770224185352], [8.628421816436, 42.26165731997852], [8.500446352568812, 42.359778963044924], [8.609300646392054, 42.48734625430469]]], [[[33.37370971163863, 35.30648001284961], [33.539042505828085, 35.33169516177539], [33.90731719454879, 35.436847291902346], [34.21733764132613, 35.573566041902346], [34.45821288546676, 35.64456137271289], [34.24465468844527, 35.511844240144534], [34.04842666110152, 35.40793188662891], [33.780497583953085, 35.2081371173418], [33.77266601046676, 35.129283510164065], [33.92467406710738, 34.95322760196094], [33.79195693453902, 34.95737036319141], [33.732577356902304, 34.90862234683399], [33.68582061251754, 34.93486746402149], [33.538512262908164, 34.944156251863284], [33.48393538912887, 34.79579123111133], [33.1313925119316, 34.680335603669924], [32.958617243376914, 34.659339509919924], [32.91454604586715, 34.635726533845705], [32.91451552828902, 34.54125937075977], [32.816657099333945, 34.538638673738284], [32.78413680514449, 34.625228486970705], [32.603392634001914, 34.61473425479297], [32.35718062838668, 34.680335603669924], [32.271090540496054, 34.71969565005664], [32.27097991427535, 34.81415518374805], [32.198500666228476, 34.86138876529102], [32.1437216134941, 35.042544923738284], [32.1804762216484, 35.05831488223438], [32.23445800265426, 35.01363333316211], [32.30098632296676, 35.01626165957813], [32.48311522921676, 35.15294226260547], [32.596983942595664, 35.15557440371875], [32.74495223483199, 35.11427267642383], [32.77952483615035, 35.15294226260547], [32.819071802703085, 35.2817455157793], [32.795111689177695, 35.36061056704883], [33.07747939547652, 35.3186107501543], [33.37370971163863, 35.30648001284961]]], [[[26.888926539031214, 40.524676881746096], [26.613572153655237, 40.39804037661914], [26.513939890471644, 40.28197439761524], [26.37586310824508, 40.21340902896289], [26.255158457366175, 40.081561647371096], [26.140885386077112, 40.044654451326174], [26.2142896982109, 40.16066702456836], [26.222796473113245, 40.223956666902346], [26.194821390715784, 40.30307348819141], [26.457545313445276, 40.434974275544924], [26.556477579680628, 40.49829062075977], [26.454838785735316, 40.584308229402346], [26.418061289397425, 40.577823244050784], [26.124041590300745, 40.602847658113284], [26.020724329558558, 40.669322572664065], [25.992875132170862, 40.85245855899219], [25.635705027190394, 40.87737616153125], [25.30111411532516, 40.89594229312305], [25.046317133513636, 40.952273927644534], [25.01892951449508, 41.01714666934375], [24.812115702239222, 40.933421693757815], [24.70066359957809, 40.878341279939455], [24.519127878752894, 40.873065553621096], [24.50495246371383, 40.98406942935352], [24.35430243929977, 40.97096212954883], [24.219058069792933, 40.82968481631641], [24.02515510043258, 40.74636038394336], [23.88595298251266, 40.732894502595705], [23.748394999114222, 40.80443152041797], [23.63469794711227, 40.77275427432422], [23.632977518645472, 40.71316870303516], [23.709055933562464, 40.63003500552539], [23.785174402800745, 40.477191530183596], [23.923703226653284, 40.450809083894534], [24.295352015105433, 40.176490388826174], [24.22063544711227, 40.144847475007815], [24.054778132048792, 40.260882936433596], [24.04777816256637, 40.3083568439043], [23.923533472624964, 40.34528311343555], [23.77477363070602, 40.392764650300784], [23.72216895541305, 40.348243318513674], [23.627234491912073, 40.34528311343555], [23.65880111178512, 40.28726156802539], [23.651745829192347, 40.22922857852344], [23.80366424044723, 40.15539129825], [23.86865905245895, 40.16067465396289], [23.920109781829066, 40.05519827456836], [23.90661719760055, 39.997195802644534], [23.796032938567347, 39.986651979402346], [23.59577277621383, 40.19231756778125], [23.442486795989222, 40.25560721011524], [23.349078211394495, 40.2819782123125], [23.291760477629847, 40.28726156802539], [23.29313949069137, 40.24505575747852], [23.259058985320276, 40.22922857852344], [23.321034464446253, 40.15539129825], [23.366839441863245, 40.107928834871096], [23.436467203704066, 40.044654451326174], [23.523348841277308, 40.018287263826174], [23.59218505343551, 40.00246389956836], [23.63858512362594, 39.96034201236133], [23.59689048251266, 39.93405493350391], [23.374392542449183, 39.955089174226565], [23.26052573641891, 39.970870576814455], [23.276309046355433, 40.04992254825], [23.2147779794609, 40.181766115144534], [23.14114097079391, 40.26615484805469], [22.960160288420862, 40.314708314851565], [22.74805549105758, 40.482467256501955], [22.863902124968714, 40.535228334382815], [22.87546256503219, 40.596324525789065], [22.851946863738245, 40.65133627505664], [22.76996711215133, 40.66717108340625], [22.70125487765426, 40.57744940371875], [22.49206641635055, 40.49829062075977], [22.602265390959925, 40.39723929019336], [22.48961738070602, 40.23052557559375], [22.467362436858362, 40.118480287507815], [22.525612864104456, 40.064166627839846], [22.55512908419723, 39.986651979402346], [22.695097956267542, 39.834483705476565], [22.754473719206995, 39.81834753604297], [22.813431772795862, 39.602740846589846], [23.074168238249964, 39.41345175357227], [23.23608497103805, 39.20315893741016], [23.158499750701136, 39.140079103425784], [23.051917109099573, 39.10328634829883], [23.09980681857223, 39.1873851642168], [23.045252832976526, 39.27149923892383], [22.981301340666956, 39.329330049470705], [22.91898635348434, 39.345103822664065], [22.850853952971644, 39.36613043399219], [22.720257792082972, 39.287269197419924], [22.7660589548027, 39.20278891177539], [22.834883722869105, 39.16636236758594], [22.871062311736292, 39.02434881778125], [22.784213099089808, 38.94033392520313], [22.490498575774378, 38.87685354800586], [22.602313074675745, 38.856238923982424], [22.72328856906051, 38.793170534089846], [22.899373087493128, 38.766891084626955], [22.984231028166956, 38.66704138369922], [23.09980109652633, 38.67229803653125], [23.169491800872034, 38.66704138369922], [23.190995249358362, 38.61034353824024], [23.356156382170862, 38.48950155825977], [23.49384406527633, 38.483131013826174], [23.55576613864059, 38.351764284089846], [23.682751688567347, 38.34651144595508], [23.80394843539352, 38.34651144595508], [23.960743937102503, 38.20991476626758], [23.966990503874964, 38.15213354678516], [23.880024942961878, 38.11535605044727], [23.98729995211715, 37.76342733950977], [23.918181452361292, 37.684642396882815], [23.835513147917933, 37.684642396882815], [23.73368361910934, 37.85785635562305], [23.63414863070602, 37.878978334382815], [23.540715250579066, 38.004100404695315], [23.49570182284469, 38.06807669253711], [23.4192571969902, 38.06807669253711], [23.19584182223434, 38.00503882022266], [22.980614695159144, 37.957767091707034], [22.898057016936487, 37.89998968692188], [23.039967569915003, 37.85796698184375], [23.045392069426722, 37.773578248933596], [23.048874888030237, 37.64263113589649], [23.151383432952112, 37.59012182803516], [23.22054770907516, 37.601825319246096], [23.321707758513636, 37.63738211245899], [23.312159571257776, 37.548106752351565], [23.418124231902308, 37.46934088321094], [23.184979471770472, 37.42733343692188], [23.18579200228805, 37.374827943757815], [23.1095648141777, 37.34664114566211], [22.970976862517542, 37.38532217593555], [23.025345835295862, 37.479842744783205], [22.942069086638636, 37.518390260652346], [22.713290247527308, 37.543433748201174], [22.642317804900355, 37.58486517520313], [22.638745340911097, 37.492286287263674], [22.726239237395472, 37.28850897403125], [22.81334975680465, 37.212054811433596], [22.793108973113245, 37.1385570392168], [22.886887583342737, 37.04668005557422], [22.98255256137008, 36.6147533282793], [22.673554453459925, 36.754283510164065], [22.524447474089808, 36.722125612214846], [22.390296015349573, 36.524371705964846], [22.19140723666305, 36.855235658601565], [21.98417190035934, 37.02048071475391], [21.780915293303675, 36.82254370303516], [21.588168177214808, 36.9814411029375], [21.531443628874964, 37.11514624209766], [21.62650016268844, 37.30651815982227], [21.613707575408167, 37.41484793277149], [21.51731399020309, 37.53575857730274], [21.29634765109176, 37.72654303164844], [21.2211313577568, 37.82839544864063], [21.228430780974573, 37.90490683169727], [21.44045165499801, 38.179515443757815], [21.71449950656051, 38.135440431550784], [21.905766520110316, 38.26973684878711], [21.996687922087855, 38.25078161807422], [22.74721435031051, 37.95260580630664], [22.89865592440719, 37.9975543841875], [23.116345438567347, 38.157394014314455], [22.996743235198206, 38.17934378238086], [22.87563804110641, 38.204600892976565], [22.33374122103805, 38.426707826570315], [21.8264723153984, 38.46395834536914], [21.661257776824183, 38.43810995669727], [21.36445525607223, 38.412005983308596], [21.17240432223434, 38.34783896060352], [20.77183059176559, 38.85093268008594], [20.892598185149378, 38.895831666902346], [21.006508860198206, 38.87054403872852], [21.104685816374964, 38.92177542300586], [21.159516367522425, 39.004825197175784], [21.007184061614222, 39.112987123445315], [20.901148829070276, 39.06173285098438], [20.677752527800745, 39.08042486758594], [20.211808237639612, 39.404925905183596], [20.1223821969902, 39.551009736970705], [20.09082892855758, 39.60253103824024], [20.02855971774215, 39.81378134341602], [19.803648981658167, 40.016963563875], [19.36906722506637, 40.26028021426563], [19.380225214568323, 40.32358130069141], [19.48371222933883, 40.29589041324024], [19.494483027068323, 40.4027171954668], [19.339222941008753, 40.58873709292774], [19.527255091277308, 40.865890108064455], [19.445403132048792, 40.96489676089649], [19.529950174895472, 41.21844442935352], [19.416991266814417, 41.345252595857424], [19.49891570529098, 41.52362021060352], [19.619383844939417, 41.559302888826174], [19.606965097991175, 41.761539064363284], [19.45788672885055, 41.79808386416797], [19.367713007537073, 41.84637030215625], [19.338465723601526, 41.86202200503711], [19.143036875334925, 41.93209036441211], [19.135544809905237, 41.99954184146289], [18.90989974459762, 42.217792116121096], [18.843149619713987, 42.24141953915808], [18.528643641081995, 42.35274466128711], [18.513588938323206, 42.362140260652346], [18.24871161898727, 42.52743872256641], [18.001368555632776, 42.69445761294727], [17.646380457488245, 42.864600740388674], [17.595679316130823, 42.888900361970705], [17.54798034152145, 42.92011984439258], [17.304074229691235, 43.07620747861257], [17.07508758029098, 43.22274740786914], [16.99226287325973, 43.32271536441211], [16.639813456145472, 43.38973578067188], [16.54851058444137, 43.461314760164065], [16.36674788912887, 43.51302298159961], [16.059407267180628, 43.4334789142168], [15.912835154143519, 43.65224798770313], [15.494369067245357, 43.88844455774298], [15.412318262664026, 43.934756837800784], [15.149468454924769, 44.23992880435352], [15.274405512419886, 44.23661383242969], [15.548222574797816, 44.229346834138674], [15.285944017974085, 44.32891806216602], [14.989106211272425, 44.54002722354297], [14.906961474028773, 44.72332342715625], [14.945532831755823, 44.92658957095508], [14.815391573516077, 45.07786902041797], [14.524585756865687, 45.26628454776172], [14.354488405791468, 45.32289084048633], [14.23862174471969, 45.062354646638674], [14.174608263579554, 45.010387025789065], [14.188512835112757, 44.94254644961719], [14.060400042144007, 44.89470251651172], [13.991256746855921, 44.783099733308596], [13.89510253390426, 44.75918158145313], [13.6720590921318, 45.050357423738284], [13.643589052764124, 45.179088197664065], [13.52689078768844, 45.45431097598438], [13.556276354399866, 45.4596019610918], [13.7490854593193, 45.49433096499805], [13.799984011260218, 45.56637152285938], [13.673180613127894, 45.71450766177539], [13.564614328948206, 45.72652395816211], [13.437729868498987, 45.638431154207034], [13.367695841399378, 45.69448813052539], [13.156165155974573, 45.72652395816211], [13.104608568755335, 45.58238562198047], [12.898650202361292, 45.55837210269336], [12.44815543612594, 45.39428671450977], [12.483212503997034, 45.46231421084766], [12.279743227568812, 45.40228994937305], [12.251417193022913, 45.29028280825977], [12.180371317473597, 45.27027853579883], [12.176189455596155, 45.21429022403125], [12.312513384429163, 45.178294740632815], [12.322136911956019, 45.0423656329668], [12.408988031951136, 44.9890094623125], [12.523090395537562, 44.88275106997852], [12.476044687834925, 44.787086091951174], [12.377765212721485, 44.73152979882409], [12.27358439883346, 44.67263754458789], [12.280731234160609, 44.55012472720508], [12.345076593962855, 44.30104025454883], [12.508117008152883, 44.131458089893975], [12.697230372039026, 43.934756837800784], [13.600871119109339, 43.53480490298633], [13.731556925383753, 43.37416037173633], [13.791634592620081, 43.12334402652149], [13.91509059390182, 42.87276419253711], [14.076401988875038, 42.6337763953921], [14.092769655791468, 42.60952719302539], [14.404933008757776, 42.35311087222461], [14.429446711442168, 42.326661124182635], [14.51930907687301, 42.22970160098438], [14.719955477324671, 42.141761384919924], [14.738527330962366, 42.047156892732424], [14.922405275908655, 41.97177084536914], [15.448605570403284, 41.856727205232424], [16.012843165007776, 41.90432318301563], [16.187411341277308, 41.84086187930469], [16.198414835540003, 41.745669923738284], [15.989146265593714, 41.634646974519534], [15.873253855315394, 41.50214346499805], [15.991044077483362, 41.40614279361133], [16.42026809176559, 41.278724275544924], [16.94596389254684, 41.093814454988284], [17.258607996763015, 40.95599425161939], [17.319272074309534, 40.92925222964649], [18.033919367400355, 40.59665258975391], [18.059941324797816, 40.513534151033205], [18.3836126657402, 40.307750307039065], [18.522648844329066, 40.09413107486133], [18.433678660002894, 39.89840658755664], [18.364918741790003, 39.746722780183596], [18.16013053378219, 39.87313421817188], [18.017067942229456, 39.947894655183596], [17.967745813933558, 40.16689261050586], [17.84960463961715, 40.24349554629688], [17.61914924105758, 40.2878375873125], [17.401650461760706, 40.29192694278125], [17.20417121371383, 40.39794119449024], [17.242802652922816, 40.49576147647266], [17.08408072909469, 40.52511175723438], [16.948712381926722, 40.481090150789065], [16.84413054904098, 40.363135896638674], [16.727564844695276, 40.183604799226565], [16.604413065520472, 40.089908204988284], [16.623852762786097, 39.96775396914844], [16.535006556121058, 39.83156546206836], [16.532101664153284, 39.697513185457034], [16.873986277190394, 39.543651185945315], [17.14906981906051, 39.42180212588672], [17.107419046965784, 39.28047140689258], [17.120997461882776, 39.08602102847461], [17.18071273287887, 39.02220877261524], [17.094689402190394, 38.915023408845705], [16.797699961272425, 38.92585714908008], [16.61332992037887, 38.82732733340625], [16.522202524748987, 38.72502478213672], [16.57200149020309, 38.45711859317188], [16.330693277922816, 38.320743165925784], [16.052943262664026, 37.93117483706836], [15.785237345305628, 37.909705720857424], [15.71022704562301, 37.94143637271289], [15.627475771514124, 38.00421103091602], [15.62657741030807, 38.23308142276172], [15.790868792144007, 38.296397767976565], [15.933466944304651, 38.53991659732227], [15.827300104705042, 38.62273367495899], [15.989846262541956, 38.73476370425586], [16.15220931491012, 38.70126684756641], [16.2122259469902, 38.77795370669727], [16.177208933440394, 38.93099173159961], [16.082562479582972, 39.01247366519336], [15.989552530852503, 39.4283519610918], [15.84651435050798, 39.62985800079746], [15.824671778289026, 39.660628877595705], [15.757021936980433, 39.93362768741016], [15.666200670806116, 40.091861329988284], [15.515924486724085, 40.06594809146289], [15.432033571807093, 39.988971315339846], [15.027263674346155, 40.212195955232424], [14.898671183196253, 40.241458497957034], [14.992320093718714, 40.37221869082813], [14.951005014983362, 40.55147894473438], [14.743317637053675, 40.70481451602344], [14.334127459136194, 40.593604646638674], [14.34976962527389, 40.64252432437305], [14.494590792266077, 40.72996100039844], [14.370310816374964, 40.85147055240039], [14.239995989409632, 40.852943025544924], [14.050873789397425, 40.76751288028125], [13.941878351775355, 40.99803503604297], [13.852500948516077, 41.09095724673633], [13.797006640044398, 41.19344671817188], [13.760507236170445, 41.20669841632788], [13.49839023074264, 41.301864229158205], [13.329107257915082, 41.31109494864743], [13.271446261016077, 41.31423910708789], [12.976777109709925, 41.371375642732424], [12.641516718474573, 41.53109701724414], [12.394848856536097, 41.72954901309375], [11.963433298674769, 42.00474127383594], [11.960132972376561, 42.00737273955097], [11.497365030852503, 42.376353822664065], [11.104763063994593, 42.549083314851565], [10.742755922881312, 42.850509248689455], [10.487745318022913, 43.235938631013674], [10.337910145884006, 43.596202827939074], [10.292479548064417, 43.70543631167774], [10.261382708001236, 43.74523947476491], [10.155236147769651, 43.88110436777192], [10.136747393218226, 43.904769502595705], [9.909300837126917, 44.110477052644534], [9.82549804898012, 44.152548314253266], [9.691935572234339, 44.219600282625], [9.1570444436943, 44.37323721499805], [8.896585497466273, 44.43718679995899], [8.671724352446741, 44.417403779939455], [8.342789137617475, 44.22018781295507], [8.186360392180628, 44.12639959903125], [8.089567661878142, 44.05082949636362], [8.048067028406173, 44.01842822901174], [7.979526552764124, 43.964915834382815], [7.689120325652309, 43.88704641909961], [7.552810225096888, 43.867450319246096], [7.467525371397117, 43.81083423022823], [7.397118601409144, 43.76409491153125], [7.297616514769739, 43.667300783113284], [6.923080000487513, 43.44766577334766], [6.523014101592249, 43.15085180850391], [6.331224951354212, 43.11186941714649], [6.187778505889124, 43.092288576082034], [5.828570398894495, 43.020816408113284], [5.646554979888148, 43.03331717105274], [5.434490236846155, 43.103656373933596], [5.05181697329635, 43.32809790225391], [4.909845861998743, 43.366439424470705], [4.750594648925013, 43.35325964541797], [4.646513971892542, 43.320865236238284], [4.416764769164271, 43.34614523501758], [4.078196081725307, 43.48708685489063], [3.807468924132532, 43.467227540925784], [3.47871283015365, 43.31209524722461], [3.317868027297205, 43.19595297427539], [3.067900213805383, 42.944564424470705], [3.001891169158167, 42.77080877871875], [3.045898947325891, 42.53945501895313], [3.087081465331262, 42.36864431949024], [3.086528334227747, 42.329112611726565], [3.08628610095138, 42.1207233295], [3.156553778258508, 42.075721345857424], [3.128878864852136, 41.85722693057422], [2.628259214965051, 41.61954077334766], [2.200590166655725, 41.44614752383594], [2.080724749175256, 41.29848822207813], [2.065487708318266, 41.295597639403624], [1.609828624335474, 41.20915564151172], [1.442095519242574, 41.17999861920224], [1.311244878379053, 41.15725287051563], [0.879201922026819, 41.0217357501543], [0.733751806822962, 40.87495382876758], [0.709782037345117, 40.78514822574024], [0.82712546309585, 40.7274242267168], [0.787556442824548, 40.65688665957813], [0.505141589251703, 40.592757783845705], [0.237927589026636, 40.24019964785938], [-0.160625037344748, 39.886024080232424], [-0.203663793000036, 39.79943808169727], [-0.284515861960703, 39.63677176089649], [-0.394848432930762, 39.434459291414065], [-0.235902842673117, 39.06240423770313], [-0.203663793000036, 39.012652955964846], [-0.165695284100825, 38.95406302066211], [0.12611598095054, 38.821353517488284], [0.172570082751459, 38.738345704988284], [-0.107004006000811, 38.59149893374805], [-0.203663793000036, 38.54402884097461], [-0.43515532890206, 38.43033941836719], [-0.564126816185766, 38.21486624331836], [-0.664728876742178, 38.17657431216602], [-0.872343566807562, 37.75979956241016], [-0.802563574703985, 37.61500509829883], [-0.918272283467108, 37.57034262271289], [-1.364567962082678, 37.54839285464649], [-1.625712480934912, 37.439490877107424], [-1.816879835518652, 37.2924762591875], [-1.940475192459875, 36.95159872622852], [-2.238797393235022, 36.728396974519534], [-2.355097499283606, 36.82405050845508], [-2.624331441315466, 36.811297975496096], [-2.761496749314123, 36.69013937564258], [-2.915331569107825, 36.69013937564258], [-2.969792333039099, 36.74114950747852], [-4.446585622223669, 36.72201880069141], [-4.757303681763464, 36.48610647769336], [-5.216736283692175, 36.40959509463672], [-5.374227490814977, 36.23747595401172], [-5.38674971142655, 36.10998495669727], [-5.424260106476599, 36.07174261660938], [-5.457090821656042, 36.16735800357227], [-5.487933125885778, 36.173724733308596], [-5.485486474427038, 36.06536825747852], [-5.660587277802282, 36.008006654695315], [-5.850014176758581, 36.07174261660938], [-6.204461064728552, 36.28209646792774], [-6.304971661957556, 36.45422323794727], [-6.288880792053991, 36.57217749209766], [-6.444025006684119, 36.62318380923633], [-6.500485864075475, 36.718829713777346], [-6.421713319214636, 36.79216345401172], [-6.632153954895788, 37.02175100894336], [-6.947954621704869, 37.14931448550586], [-7.010098424347691, 37.165259920076174], [-7.227823701294714, 37.22585638614063], [-7.491503682526403, 37.20815619082813], [-7.603436437043005, 37.16297873111133], [-7.836042371186071, 37.03225287051563], [-8.033637967499548, 37.00878866763477], [-8.280239072235876, 37.088580690339846], [-8.541073766144567, 37.088580690339846], [-8.667059865387731, 37.12144049258594], [-8.990849461945349, 36.990008912996096], [-9.016643491181188, 37.069800935701174], [-8.841511693390661, 37.52514608950977], [-8.848719534846378, 37.81676788621598], [-8.851028409394079, 37.91018255801563], [-8.93278595486527, 37.96184118838672], [-8.822993245514684, 38.206073366121096], [-8.847303357514196, 38.384566865876955], [-8.788920369538122, 38.43598135562305], [-8.853651967438513, 38.4996410235918], [-9.022322621735388, 38.46102102847461], [-9.236570325287634, 38.41744955630664], [-9.2851581243599, 38.61946829409961], [-9.069152799042516, 38.64295919986133], [-8.941892590912634, 38.74191626162891], [-8.960826840790563, 38.81846197696094], [-9.040849652680212, 38.92018087954883], [-9.175754514130407, 38.73223074527149], [-9.361637082489782, 38.671145997957034], [-9.522397008332067, 38.6899371966875], [-9.54900738278275, 38.77451666446094], [-9.459762540253454, 38.95307882876758], [-9.3977069524849, 39.23036154361133], [-9.415269818695837, 39.366675935701174], [-9.299269643219763, 39.417735658601565], [-9.117922749909216, 39.64403494449024], [-8.915585484894567, 40.13814886660938], [-8.969669309052282, 40.19001730533008], [-8.69406982937699, 40.992171846345705], [-8.851777997406774, 41.40782888980274], [-8.854754414948278, 41.59685095401172], [-8.920735326203161, 41.76702078433399], [-8.806055035980993, 41.889178834871096], [-8.86048599758988, 42.0145336017168], [-8.798570599945837, 42.194530092195315], [-8.644062962921911, 42.419749818757815], [-8.805045094879919, 42.63155706973438], [-8.94172379055863, 42.824195466951174], [-9.173123326691442, 42.85590323062305], [-9.24685951748734, 42.900775514558596], [-9.270803418549352, 43.048690401033205], [-9.197466817292028, 43.158214174226565], [-9.013589826020056, 43.28085669131641], [-8.849216428192907, 43.326243959382815], [-8.595722165497595, 43.339618287996096], [-8.31041332760697, 43.35304983706836], [-8.25069710293656, 43.4304271564043], [-8.22022434750443, 43.61720999331836], [-7.979528870972448, 43.740054689363284], [-7.636274781616979, 43.721412263826174], [-7.151302304657751, 43.554942689851565], [-6.807975736054234, 43.523421846345705], [-6.467573609741979, 43.56272467227344], [-6.208046403321081, 43.640521608308596], [-5.979656186493688, 43.70537909121875], [-5.820451226624304, 43.70568808169727], [-5.537417855652624, 43.57745321841602], [-5.224896397980505, 43.507247529939455], [-4.802335706147009, 43.46944388003711], [-4.110216107758337, 43.45151098819141], [-3.847605910691077, 43.43916281314258], [-3.417000499161536, 43.37565191836719], [-3.195965257080847, 43.446883760408205], [-3.007205691727453, 43.55027350039844], [-2.768362489136511, 43.53787573428516], [-2.367384400757605, 43.326243959382815], [-2.142923348652433, 43.33147102864046], [-2.065644708069617, 43.333270631746096], [-1.914577808769995, 43.3054157123125], [-1.746070232781225, 43.36016043277149], [-1.561407771500403, 43.524425111726565], [-1.314379182251745, 44.558963380769534], [-1.135849919709021, 44.600101076082034], [-1.230320539864355, 44.730411134675784], [-1.331778016480261, 44.61382635684375], [-1.275514092835242, 45.12873037906055], [-1.175191727074438, 45.50050314517383], [-1.123440351876074, 45.431617341951174], [-0.900364187153631, 45.29391058535938], [-0.814226653965765, 45.12184103579883], [-0.728486028107458, 45.01864203067188], [-0.85470238009339, 45.321448884919924], [-1.13839491883164, 45.58316382022266], [-1.247395124825293, 45.688148103669924], [-1.236505594643408, 45.8000446185625], [-1.07519969025498, 46.01461752505664], [-1.165981498154455, 46.18368109317188], [-1.256056633385473, 46.30683096499805], [-1.402668443116003, 46.403934083894534], [-1.710726466568762, 46.44879110904102], [-1.942478146942908, 46.70579870791797], [-2.129660334976965, 46.85084494204883], [-2.004645553025061, 47.04250296206836], [-2.10947760620957, 47.124042116121096], [-2.263749804886633, 47.18288382144336], [-2.493711915406042, 47.24692114444141], [-2.576483931931311, 47.324866853669924], [-2.46554347554093, 47.49438437075977], [-2.613652196320349, 47.572249971345705], [-2.842474189194494, 47.49190481753711], [-3.062696423920447, 47.60393866153125], [-3.433526244553381, 47.71681173892383], [-3.7118680147255, 47.79814871402149], [-3.858102050217444, 47.79180868716602], [-3.954837766083533, 47.90433844180469], [-4.36437365094071, 47.82931097598438], [-4.390935388001257, 47.94184836001758], [-4.510127511414343, 47.99813040347461], [-4.675397363098913, 48.01689489932422], [-4.700306382569128, 48.06380423159961], [-4.312866177948766, 48.10133322329883], [-4.350984063538366, 48.204566560701174], [-4.587968316468054, 48.25149496646289], [-4.38890167752152, 48.298438631013674], [-4.350201573761755, 48.390506349519534], [-4.473793950470739, 48.382937990144534], [-4.59202143231278, 48.392318330720705], [-4.779634442719275, 48.354774080232424], [-4.761963334473425, 48.55200155825977], [-4.625704255493932, 48.546668611482424], [-4.488299336823278, 48.61226614566211], [-4.25147720852738, 48.65191229434375], [-3.998872962387854, 48.73053701968555], [-3.902217355164343, 48.64596136660938], [-3.821306434067541, 48.721149049714846], [-3.607873406800085, 48.692950807527346], [-3.557670083435827, 48.810077272371096], [-3.43505784550553, 48.83645971866016], [-3.091225352677161, 48.87155111880664], [-2.914459433945471, 48.70678671450977], [-2.790535416992956, 48.58958014102344], [-2.636378016861731, 48.55200155825977], [-2.342885461243445, 48.67414816470508], [-2.200072136315161, 48.598983369783205], [-2.075967636498266, 48.65615805240039], [-1.870566811951452, 48.711742006257815], [-1.857612696083838, 48.60836752505664], [-1.591356840523535, 48.63750036807422], [-1.456587758454138, 48.683551393464846], [-1.575547900589758, 48.76814230533008], [-1.588412251862341, 48.88095053286914], [-1.563408580216223, 49.036239229158205], [-1.579779472740942, 49.2290111407793], [-1.638999786766821, 49.219607912019534], [-1.891543593796545, 49.526351533845705], [-1.941284146698767, 49.70930441470508], [-1.524247136505896, 49.65277060122852], [-1.250969496163183, 49.69987829776172], [-1.288660493286902, 49.520972810701174], [-1.177143421562964, 49.33254965396289], [-1.023191001805121, 49.39845999331836], [-0.464948442372137, 49.35137899966602], [-0.239364930036122, 49.28548773379688], [-0.203663793000036, 49.291812501863284], [0.032870042530245, 49.33370550723438], [0.330848249999231, 49.45495565982227], [0.090372207966989, 49.51055487246875], [0.115054044333643, 49.60227545352344], [0.189372840729898, 49.681026063875], [0.528559717742151, 49.8258014545], [0.868757519332117, 49.90724905581836], [1.274518880454248, 50.00430258365039], [1.416228327361292, 50.10984381289844], [1.551989111510462, 50.22880896182422], [1.528296861258692, 50.57772787661914], [1.588920149413294, 50.821883760408205], [1.796177011925257, 50.92141446442835], [1.823555264083093, 50.93456228824024], [2.030328068343347, 51.006656251863284], [2.44259599169845, 51.04803045840625], [2.522131952849573, 51.09112127871875], [2.995262178984827, 51.313479982332034], [3.2136051984703, 51.35356863589649], [3.472019943801111, 51.31439169497852], [3.681297096816248, 51.3214183673418], [3.775046858397669, 51.38774450869922], [5.135158159771422, 52.126689920244836], [5.448322555449071, 52.048398821325414], [6.857562335998502, 51.57865222780894], [6.857562335998502, 51.34318559791618], [6.857562335998502, 50.952323436453646], [7.562182226273215, 50.48257684293717], [7.740685931809476, 49.99090874172327], [8.291855268202141, 49.94080243841484], [8.39206787481899, 49.59005831525587], [8.542386784744263, 49.389633102022174], [7.891004841734748, 48.88857006893793], [7.740685931809476, 48.43761333916211], [8.041323751660022, 48.287294429236844], [8.592493088052686, 48.13697551931157], [10.696957827006502, 48.68814485570423], [11.448552376632863, 48.738251159012655], [12.200146926259228, 49.139101585480056], [12.75352162757752, 48.93294238302814], [14.755568394988861, 48.187081822619994], [15.757694461157344, 48.53782594577896], [16.078781624466824, 48.42668038924876], [15.886140101986106, 47.86547983497711], [17.803190265556196, 47.10145779870038], [18.905605154940865, 47.44094904033701], [18.86428526627964, 45.581554050581936], [19.065554967771348, 45.53510719639154], [20.16704915229867, 45.28091623073139], [20.385843565250656, 44.797594038362774], [20.921798221915534, 44.65248758959712], [21.19899665774994, 44.92968602543153], [22.954586751367856, 44.65248758959712], [23.139385708590794, 43.91329176070537], [25.264573716654585, 43.8208922820939], [26.835364853049565, 44.19049019653978], [28.036558074998663, 44.375289153762715], [27.944158596387194, 44.92968602543153], [28.2213570322216, 45.48408289710034], [29.615916285124964, 45.41020544619922], [29.683211359587855, 45.37478979678516], [29.710764917937464, 45.25833471866016], [29.578961405364222, 45.0575023517168], [29.457522425261683, 44.91514929385547], [29.261582407561487, 44.895423494294924], [29.08974936923141, 44.87573202700977], [28.918236765471644, 44.765750490144534], [28.686247858611292, 44.48805197329883], [28.57311347445602, 44.19782217593555], [28.529885325041956, 43.84347113223438], [28.51010611971969, 43.74307592959766], [28.48053840121383, 43.59228476138477], [28.44569304904098, 43.476363740876955], [28.328095469084925, 43.43752630801563], [28.187058481780237, 43.450118623689455], [28.034638437834925, 43.39190252871875], [27.887320551482386, 43.06352575869922], [27.86990836581344, 42.799876771882815], [27.836163553801722, 42.73552282901172], [27.654044184294886, 42.68373831363086], [27.501950296965784, 42.51634558291797], [27.494702372161097, 42.40090139956836], [27.60787108859176, 42.41677816958789], [27.722533259001917, 42.31621512027149], [27.737710032073206, 42.24700125308399], [27.913407358733362, 42.078101716951174], [27.917952570525355, 41.977672182039065], [28.026202234831995, 41.88238485904102], [28.018178019133753, 41.75320776553516], [28.06983855685348, 41.62496908755664], [28.10439780673141, 41.59297140689258], [28.371457132903284, 41.43312796206836], [28.74022201022262, 41.32482870669727], [29.012368235198206, 41.254832826570315], [29.081099543181605, 41.200511537507815], [28.964453730193323, 40.98923834414844], [28.82780745944137, 40.91469915957813], [28.596150431243128, 40.94698675723438], [28.17331412753219, 41.05789526553516], [28.02636817416305, 41.02620657534961], [27.93218329867477, 40.95754965396289], [27.47416976412887, 40.962833009675784], [27.313046488372034, 40.789912782625], [27.263756785002894, 40.66717108340625], [26.888926539031214, 40.524676881746096]]], [[[15.301346811858362, 37.057899080232424], [15.220631632415003, 37.000377260164065], [15.027343782988734, 36.74511679263477], [14.942398104277796, 36.738563142732424], [14.622022661772913, 36.776141725496096], [14.215912851897425, 37.0493236407793], [13.868404421416468, 37.15695150943164], [13.011567148772425, 37.52489431949024], [12.63687900027389, 37.581500612214846], [12.532035860625452, 37.63867148013477], [12.454147371855921, 37.766009889558596], [12.516644510832972, 37.91916998477344], [12.664325747100062, 38.07249792666797], [12.782839808074183, 38.11737783999805], [13.065952334014124, 38.066932283357424], [13.322475466338343, 38.22051199527149], [13.627963099089808, 38.02980764956836], [13.809530291167444, 37.966415010408205], [14.134472879973597, 37.973453126863284], [14.765865358916468, 38.0576129779375], [15.386741671172327, 38.20554693789844], [15.453687700835413, 38.16741522403125], [15.472892794219202, 38.110057435945315], [15.42252353152389, 38.05257376284961], [15.181032213774866, 37.68228109927539], [15.1121807428276, 37.45903357119922], [15.116248163787073, 37.286944948152346], [15.301346811858362, 37.057899080232424]]], [[[25.317819850853795, 36.39877419215787], [25.333024300701165, 36.45994089964729], [25.371035425319583, 36.49661778527289], [25.49267102409852, 36.42324665835019], [25.49267102409852, 36.331435169041356], [25.386239875166947, 36.319185450416924], [25.317819850853795, 36.39877419215787]]], [[[24.679232957264375, 36.75896029963509], [24.466370659401235, 36.649251177336765], [24.299121711080193, 36.75286945753905], [24.428359534782814, 36.79549519508755], [24.588006258180172, 36.86851272864293], [24.679232957264375, 36.75896029963509]]], [[[24.823675230814363, 36.661448812220584], [24.876890805280148, 36.679741640978875], [24.975719729288034, 36.637051610171376], [24.945310829593303, 36.56991946228899], [24.823675230814363, 36.637051610171376], [24.823675230814363, 36.661448812220584]]], [[[25.059344203448553, 36.618748636935905], [25.044139753601186, 36.661448812220584], [25.165775352380123, 36.74068632260297], [25.196184252074858, 36.673644514576154], [25.104957552990655, 36.637051610171376], [25.059344203448553, 36.618748636935905]]], [[[25.431853224709048, 36.6980301207178], [25.386239875166947, 36.637051610171376], [25.264604276388013, 36.704125314038706], [25.24179760161696, 36.75286945753905], [25.249399826540643, 36.75896029963509], [25.295013176082744, 36.807669623462985], [25.431853224709048, 36.6980301207178]]], [[[24.534790683714387, 37.11746294371295], [24.443563984630185, 37.0992747162255], [24.428359534782814, 37.20833853996449], [24.534790683714387, 37.11746294371295]]], [[[24.26111058646178, 37.540613155635555], [24.299121711080193, 37.66107502189996], [24.397950635088083, 37.667092994189616], [24.382746185240713, 37.570746906161986], [24.26111058646178, 37.540613155635555]]], [[[24.489177334172286, 37.39580161737422], [24.359939510469665, 37.30515202694268], [24.359939510469665, 37.39580161737422], [24.397950635088083, 37.46824245164144], [24.489177334172286, 37.39580161737422]]], [[[24.846481905585414, 37.36559724964213], [24.86168635543278, 37.52855624381453], [24.945310829593303, 37.51046722146939], [25.044139753601186, 37.377680456560746], [24.846481905585414, 37.36559724964213]]], [[[24.92250415482225, 37.69116000393879], [24.656426282493324, 37.901413077728705], [24.762857431424894, 38.003319956303606], [25.272206501311693, 37.56472113091166], [25.46986434932747, 37.43806729073237], [25.317819850853795, 37.40184103098311], [24.92250415482225, 37.69116000393879]]], [[[24.679232957264375, 36.90499535372954], [24.64882405756964, 37.014338584785854], [24.717244081882793, 37.050751425742014], [24.785664106195945, 36.947536378182036], [24.679232957264375, 36.90499535372954]]], [[[25.11255977791434, 36.94146054239683], [24.937708604669616, 36.95968659606273], [25.150570902532756, 37.17200141281893], [25.310217625930115, 37.19622810717101], [25.310217625930115, 37.00219709179456], [25.11255977791434, 36.94146054239683]]], [[[25.59910217303009, 37.026478138264174], [25.5458865985643, 36.95968659606273], [25.4546598994801, 36.9232301280182], [25.363433200395896, 37.00826808071462], [25.340626525624845, 37.087146804747654], [25.378637650243267, 37.11746294371295], [25.53828437364062, 37.220447029530426], [25.606704397953774, 37.12352471549815], [25.59910217303009, 37.026478138264174]]], [[[23.242412446688178, 39.04411813294447], [23.409661395009216, 38.943672845059965], [23.789772641193395, 38.71863293758614], [24.13187276275916, 38.65335708482884], [24.20789501199599, 38.5523591317064], [24.29151948615651, 38.19476089687233], [24.588006258180172, 38.15292605377605], [24.5271884587907, 37.967368965721576], [24.314326160927564, 37.98534666287396], [24.192690562148627, 38.15292605377605], [24.025441613827585, 38.38569989188942], [23.66053481749077, 38.40357465937644], [23.599717018101305, 38.45717244335585], [23.637728142719723, 38.52262680680808], [23.462876969474998, 38.62366656002873], [23.120776847909237, 38.86676557896794], [22.86990342542768, 38.83716368115139], [23.01434569897767, 38.961408842619434], [23.242412446688178, 39.04411813294447]]], [[[48.085022700126686, 29.965384543235604], [48.02827743014449, 29.973121248201174], [47.957152399626914, 29.94756468387012], [47.91136077365035, 29.89029272647266], [47.93592360934371, 29.80140646548633], [47.996031794158164, 29.490258775666994], [47.844908747283164, 29.50315435977344], [47.61403945407027, 29.272241197541994], [47.80355742892379, 29.184920869783205], [47.99150756320113, 29.277490220979494], [48.129061731902304, 29.268191896394534], [48.273871491123685, 28.886929970554853], [44.47284555203297, 29.340034319527597], [42.86033948553248, 30.987583351727405], [39.342144431349574, 31.987611883620747], [37.89258937270298, 31.64311813844798], [37.5739543118168, 32.03256565690869], [36.817830287410466, 30.34329388339949], [34.29039380051872, 31.35742049049394], [34.50065902194137, 31.621099077180666], [34.599135431853476, 31.817897401765627], [34.68133834323043, 32.045978151277346], [34.75850203951949, 32.30071981997852], [34.84289077242965, 32.670699678376955], [34.89496901949996, 32.66283377261524], [34.9565878244316, 32.704818330720705], [34.95908263644332, 32.79665716739063], [34.97200683077926, 32.93840750308399], [35.08897307833785, 33.069259248689455], [35.13231185397262, 33.231517396882815], [35.208388361540976, 33.33358725161914], [35.35608962496871, 33.639781557039065], [35.34855941256637, 33.74446829409961], [35.4298658700859, 33.74446829409961], [35.49185088595504, 33.83082541079883], [35.52440169772262, 33.974769197419924], [35.53208068331832, 34.11870535464649], [35.71620849093551, 34.31236990542774], [35.82100585421676, 34.34377630801563], [35.87306502780074, 34.422286592439455], [35.85191634616012, 34.49294622989063], [35.75075438937301, 34.74680670352344], [35.808852228728476, 35.013797365144534], [35.84138015231246, 35.04263266177539], [35.7964315744316, 35.27071722598438], [35.607340845671835, 35.417544923738284], [35.66395858248824, 35.45949514956836], [35.68043044528121, 35.52767141909961], [35.73317626437301, 35.58536108584766], [35.69143203219527, 35.68502005191211], [35.73950484713668, 35.690265260652346], [35.85594466647262, 35.83450277896289], [35.82905105074996, 35.884784303621096], [35.718504938689414, 36.091556154207034], [35.66494658908004, 36.133529268220705], [35.708632502165976, 36.21223410220508], [35.81413775284691, 36.29849189856277], [35.817240748015585, 36.301028810457034], [36.09526351412887, 36.48246344180469], [36.10452178439254, 36.56117209048633], [36.082430872527304, 36.621532045320315], [35.956793818083945, 36.74749334903125], [35.890875849333945, 36.7711139545], [35.67174056491012, 36.605784975007815], [35.56761458834762, 36.58741720767383], [35.506171259490195, 36.55855520816211], [35.54760268649215, 36.54018362613086], [35.49458983859176, 36.443099580720705], [35.41708281954879, 36.43260534854297], [35.38869765719527, 36.45359381289844], [35.35417846163863, 36.41423758120899], [35.220526728240195, 36.388003908113284], [35.07137206515426, 36.487708650544924], [34.86991027316207, 36.576922975496096], [34.66238311251754, 36.64777334781055], [34.48512938937301, 36.626781068757815], [34.10322097262496, 36.38032492251758], [33.95171264132613, 36.25157888980274], [33.954054865447226, 36.15975912661914], [33.89098266085738, 36.13877447696094], [33.835875544158164, 36.107295595125], [33.83369735201949, 36.07057150454883], [33.75317672213668, 36.14664038272266], [33.48169997653121, 36.05428274722461], [33.17133620699997, 35.97088202090625], [32.90411666354293, 35.976695619539065], [32.64034179171676, 36.007999025300784], [32.33497909030074, 36.128367982820315], [31.90200713595504, 36.496863923982424], [31.370690378752894, 36.712344728425784], [30.905310663787073, 36.79421576114063], [30.593590769377894, 36.76173361392383], [30.54006675204391, 36.64696081729297], [30.49665168246383, 36.37298163028125], [30.47283271273727, 36.18825491519336], [30.394862207976526, 36.118045412019534], [30.279892954436487, 36.1178050860918], [30.16613105258102, 36.18761786075], [29.661955866423792, 36.078345857576174], [29.47193244418258, 36.090694032625], [29.298188242522425, 36.17311819644336], [29.00225165804977, 36.69479712100391], [28.813527140227503, 36.53515585513477], [28.469845804778284, 36.73830755801563], [28.266922983733362, 36.7124095782793], [28.014189753142542, 36.527164064363284], [27.911902460662073, 36.69894369693164], [27.94185546359176, 36.75633963199024], [28.05103972872848, 36.8330150470293], [27.998808893767542, 36.909366212800784], [27.553477320281214, 36.91482504458789], [27.308110270110316, 36.92070730777149], [27.26863006075973, 37.04168280215625], [27.525639566985316, 37.131412111238284], [27.492524180022425, 37.23967321963672], [27.36463263949508, 37.328631959871096], [27.16040709933395, 37.36008032412891], [27.122561487761683, 37.49385031314258], [27.141085657683558, 37.64686544986133], [27.17978385409469, 37.77442892642383], [27.139773401824183, 37.88909109683399], [26.961377176848597, 37.94610556216602], [26.679331812468714, 38.104938112214846], [26.512320551482386, 38.066348634675784], [26.393214258757776, 38.10436209292774], [26.391598734465784, 38.219127260164065], [26.46871093234176, 38.44475897403125], [26.5274114938652, 38.41824301333789], [26.742451700774378, 38.27838858218555], [26.99743178805465, 38.40005835147266], [26.819674524871058, 38.52725180240039], [26.828822168914026, 38.58296164126758], [26.695696863738245, 38.640765748933596], [26.709471735564417, 38.69857367129688], [26.966380152312464, 38.76993139834766], [27.03491309603805, 38.82109793277149], [27.00422004183883, 38.88482626529102], [26.93680289706344, 38.924563966707034], [26.785336527434534, 38.94033392520313], [26.789847406951136, 39.024425111726565], [26.870751413909144, 39.05596884341602], [26.797139200774378, 39.12955816836719], [26.707943949309534, 39.18212851138477], [26.70405486544723, 39.250472627595705], [26.60224250277633, 39.25572928042774], [26.720158609954066, 39.33724936099414], [26.853512796965784, 39.46076925845508], [26.926152262297816, 39.476546846345705], [26.957518610564417, 39.54832800479297], [26.804265055266566, 39.56715353579883], [26.54617789706344, 39.51334723086719], [26.138976130095667, 39.43973883242969], [26.064057383147425, 39.45551260562305], [26.08488753756637, 39.604007326082034], [26.141903910247034, 39.66058310122852], [26.140706095305628, 39.74998053164844], [26.127575907317347, 39.878558717683596], [26.18600944003219, 39.997195802644534], [26.32033446749801, 39.99192389102344], [26.403052363005823, 40.176490388826174], [26.48171142062301, 40.18703802676563], [26.765282663909144, 40.37694128604297], [26.99647429904098, 40.371661745027346], [27.056124720183558, 40.4296947345293], [27.271754297820276, 40.450809083894534], [27.329234156218714, 40.35583456607227], [27.449610743132776, 40.30979498477344], [27.52599433383102, 40.297137819246096], [27.763894114104456, 40.28725393863086], [27.830164942351526, 40.34528311343555], [27.799843821135706, 40.40331991763477], [27.67928794345016, 40.46135290713672], [27.807831797209925, 40.50357016177539], [27.95380500277633, 40.48773916812305], [28.006459269133753, 40.450809083894534], [27.90821746310348, 40.35055502505664], [28.003991160002894, 40.36212881656055], [28.477719339934534, 40.39510305972461], [28.756440195647425, 40.37645300479297], [28.926756891814417, 40.35583456607227], [29.0524244638359, 40.33473166079883], [29.122286829558558, 40.41387137027149], [29.083527597991175, 40.45607718081836], [28.873215708342737, 40.471908174470705], [28.777958902922816, 40.524676881746096], [28.901621851531214, 40.62010534854297], [29.525197062102503, 40.68828924746875], [29.713147196379847, 40.693561159089846], [29.88271811923141, 40.746356569246096], [29.68344596346969, 40.75163611026172], [29.417172464934534, 40.741073213533205], [29.320355448332972, 40.741073213533205], [29.289643320647425, 40.806686006501955], [29.01453307589645, 40.97867163272266], [29.16120818575973, 41.21636541934375], [29.57778075656051, 41.153365694001955], [30.137623819915003, 41.13183554263477], [30.256087336150355, 41.18466528506641], [30.74480536898727, 41.04032476992969], [31.217682871428675, 41.05409201236133], [31.404126200286097, 41.16353949160938], [31.385666880217737, 41.2850414142168], [31.66638854464645, 41.394813142732424], [31.87128737887496, 41.49144323916797], [32.41898253878707, 41.74916800113086], [32.6879110666191, 41.84597357364063], [33.155463251677695, 41.94960745425586], [33.555541071501914, 41.982501588777346], [33.89665511569137, 41.95108374209766], [34.303900751677695, 41.89411886783008], [34.662909540740195, 41.87558325381641], [35.00186828097457, 42.043162904695315], [35.098830256072226, 41.80586203189258], [35.28607467135543, 41.67147787661914], [35.411437067595664, 41.626815401033205], [35.677855524626914, 41.62093313784961], [35.95779326876754, 41.685645662263674], [36.16136840304488, 41.35250052066211], [36.38289550265426, 41.23751791568164], [36.64124587496871, 41.31498297305469], [36.81701186617965, 41.289683900789065], [37.25282576998824, 41.027721010164065], [37.82184127291793, 41.00963171573047], [38.313963923064414, 40.920901857332034], [38.651183161345664, 40.92156942935352], [39.138644251433554, 41.0443187579668], [39.370177301970664, 41.06399878116016], [39.663004908171835, 41.0004955157793], [40.006712946501914, 40.95632895083789], [40.36101439913863, 40.963443361238284], [40.60989287814254, 41.028026185945315], [41.27776209668922, 41.28002979163246], [41.29311660250777, 41.28582342715625], [41.483962092009726, 41.436542116121096], [41.52111342867965, 41.46583517642383], [41.66611388644332, 41.72915228457813], [41.68046859225387, 41.793338380769534], [41.96331871664975, 41.81310359426277], [41.79914675231291, 40.39917609426979], [41.67774342306841, 38.50896132440348], [41.36046866933874, 35.70061270445125], [43.09188572481209, 35.388057050617775], [43.091885724812094, 35.388057050617775], [43.64602721414321, 32.47543763968794], [48.085022700126686, 29.965384543235604]]], [[[32.43838027438277, 29.7755199298418], [32.31849196871871, 29.54019697757129], [32.590575251189414, 28.93719633670215], [32.64934447726363, 28.76578100772266], [32.93467620333785, 28.37882574649219], [33.35421660861129, 27.9095474109209], [33.5669393869316, 27.369950853303713], [33.80406478366012, 26.93206938357715], [33.92880919894332, 26.56382330508594], [34.104220423308554, 26.354524217561526], [34.51484206637496, 25.573916994050784], [34.99740127047652, 24.71719893069629], [35.189864191483686, 24.399919115245694], [35.1898641916191, 24.399919115022463], [33.657230668213316, 24.017988632918694], [33.690083292409675, 23.54952842887194], [33.345321283718846, 23.354044941061307], [33.3453212837093, 23.354044941055896], [32.60525827172126, 22.815817295973687], [31.999752171003777, 22.68126038470313], [31.057853792109913, 22.68126038470313], [28.40615598944454, 27.74338300369825], [26.742965374438096, 28.574978311201477], [22.307790401087573, 29.960970490373516], [21.29139613636141, 29.960970490373516], [19.351007085520557, 29.406573618704698], [18.6118112566288, 29.406573618704698], [14.453834719112688, 31.162163712322617], [9.833860788539226, 32.91775380594053], [8.63266756659013, 34.02654754927816], [7.985871216309846, 35.50493920706167], [-8.640263524445349, 33.12173422427539], [-8.31441494503861, 33.33848150821094], [-7.902406182678991, 33.48548849673633], [-7.332620587738806, 33.69637259097461], [-7.004007783325964, 33.874984346345705], [-6.752974477204138, 34.12335165591602], [-6.511472192200475, 34.45429953189258], [-6.472049931118064, 34.530940244894], [-6.32767397652496, 34.81162115452381], [-6.302049127014929, 34.86143835635547], [-5.928758588227087, 35.72785910220508], [-5.807887044342809, 35.78541525454883], [-5.565000024231725, 35.862342439607424], [-5.479359116944128, 35.80520590396289], [-5.171789613159948, 35.42376288028125], [-5.10963150540238, 35.37931402774219], [-4.592977490814977, 35.151187501863284], [-4.29535099545365, 35.15178640933399], [-4.027887788208776, 35.13323553653125], [-3.440804210099036, 35.166278444246096], [-3.205772366913611, 35.26860769839649], [-3.009028163346106, 35.38997992129688], [-2.829877105149084, 35.14205893130664], [-2.714807000550085, 35.09774359317188], [-2.355662789734656, 35.05391653628711], [-2.325944383332021, 35.053977160631526], [-2.192973938378149, 35.05424841494922], [-2.035251822861487, 35.054568849519534], [-1.738327947052771, 35.11883123965625], [-1.495096531304175, 35.23390158267383], [-1.329105701836401, 35.48890646548633], [-1.146667149456793, 35.62936743350391], [-0.917491999062353, 35.66803701968555], [-0.734306838902289, 35.73846014590625], [-0.428770822080427, 35.86006888003711], [-0.282988813313299, 35.75847586245899], [-0.203663793000036, 35.75072058291797], [-0.091654170843416, 35.73976858706836], [0.015310812202638, 35.803668580964846], [0.198671731558985, 36.033309541658205], [0.474390897360986, 36.22496374698047], [0.781242343989557, 36.38485296817188], [1.057602915373987, 36.461856447175784], [1.579693111983484, 36.51388891787891], [2.293774160948938, 36.54082449527149], [2.524363550749964, 36.57315023990039], [2.809869083968347, 36.71390112491016], [3.070006403533167, 36.61885794253711], [3.323837790099329, 36.65123327823047], [3.586873087493128, 36.79195364566211], [3.741224560347742, 36.83686789126758], [4.163919005004114, 36.83135183902149], [4.394624266234583, 36.83819159121875], [4.532551798430628, 36.8129840716875], [4.632117304412073, 36.79406698794727], [4.777191671935266, 36.743384920076174], [5.144465002623743, 36.66767843814258], [5.382732424346155, 36.67453344912891], [5.730162176696009, 36.7517047748125], [6.047393831816859, 36.841556154207034], [6.322870287505335, 37.090648256257815], [6.770537409392542, 36.86214789004688], [6.923042807189174, 36.81784018130664], [7.063241037932581, 36.881854616121096], [7.204853090850062, 36.99046667666797], [7.306981119719691, 37.06078299136524], [7.544922861663049, 37.04214438052539], [7.719043287841028, 36.95327719302539], [7.79204085787887, 36.83235891909961], [7.913174662200159, 36.77524908633594], [8.145014795867151, 36.813949190095705], [8.63670924624557, 36.885257326082034], [8.865518602935023, 36.96835287661914], [9.15028003176803, 37.17287405581836], [9.416118654814905, 37.27537878604297], [9.73219970187301, 37.28239782901172], [10.021354708281702, 37.20013388247852], [10.132734331694788, 37.104747377351565], [10.158871683684534, 36.99647482486133], [10.271508249846644, 36.754554353669924], [10.392797503081507, 36.716571412996096], [10.580582651702112, 36.79342230410938], [10.843251261321253, 36.99148901553516], [11.02375701388473, 37.06832464785938], [11.039403948394007, 36.90904577823047], [10.920062098113245, 36.6539378985918], [10.633412394133753, 36.424014650300784], [10.509244951811976, 36.21355398745899], [10.511460337248987, 36.08616980166797], [10.602607760039515, 35.88894613833789], [10.830826792327112, 35.679278932527346], [10.988951716033167, 35.622298799470705], [11.125108751860804, 35.2406078204668], [11.082800898162073, 35.14503439517383], [10.839357409087366, 34.8011546954668], [10.574025187102503, 34.648109041169924], [10.11642173251266, 34.234168611482424], [10.019480738249964, 34.08147390933399], [10.148656878081507, 33.87839850039844], [10.412600550261683, 33.63112600894336], [10.650217089263148, 33.49818380923633], [10.778140101042933, 33.473033510164065], [10.956539187041468, 33.575057588533205], [11.099118265715784, 33.53722723575], [11.208920511809534, 33.25152166934375], [11.470686945525355, 33.14409216494922], [12.117019686309046, 32.87850149722461], [12.56475642642135, 32.73963888736133], [12.79886344393844, 32.733768068269534], [13.187125238982386, 32.791759096101565], [13.458779368010706, 32.77960928531055], [14.157023462859339, 32.67937811465625], [14.433427843657679, 32.46390875430469], [14.790810618010706, 32.362994752839846], [15.009786638823694, 32.363441072419924], [15.163704905120081, 32.27480658145313], [15.241435083953089, 32.17330130191211], [15.358129534331507, 31.805022798494143], [15.53340819796676, 31.55121573062305], [15.843325647917933, 31.285003267244143], [16.013379129973597, 31.22817000003223], [16.31838706454391, 31.165261827424807], [16.78251937350387, 31.128097139314455], [16.983780893889612, 31.09674223513965], [17.421629938689417, 30.99598654361133], [17.70897963961715, 30.894923768953127], [17.957158121672816, 30.768363557771487], [18.537213358489222, 30.41374548526172], [18.608251734640834, 30.374469834132547], [18.88543416831375, 30.221221390772325], [18.91502669772262, 30.204860292390627], [19.12453940829391, 30.198943696931643], [19.31879586713139, 30.255372139199526], [19.3228159280693, 30.256539903596682], [19.66391471346969, 30.44150122256641], [19.981537851897425, 30.721730791047854], [20.11676886996383, 30.957103334382815], [20.116768869963657, 30.957103334605364], [20.11667922457809, 31.071467958406252], [19.992096933928675, 31.350774370149416], [19.94158271273727, 31.611169420198244], [19.961470636931605, 31.795470796541018], [20.068364176360316, 32.03713568301563], [20.365721735564417, 32.29824026675586], [20.51552489718551, 32.38751181216602], [20.765051874724573, 32.49603231997852], [21.05449775179977, 32.630050264314455], [21.673419031706995, 32.815589509919924], [22.215989145842737, 32.79128988833789], [22.54312613925094, 32.72207220645313], [22.92284682711715, 32.55765875430469], [23.00733283480758, 32.48158987613086], [23.026656183806605, 32.25291021914844], [23.153338465300745, 32.138812623933596], [23.2886362405693, 32.13273199649219], [23.714034113494105, 32.0764232501543], [23.74241927163002, 32.0640980489926], [24.03440383395309, 31.937314592317385], [24.236922297087855, 31.92502363772754], [24.8158579202568, 31.90715368838672], [24.95152572116012, 31.818492494539065], [24.982237848845667, 31.647012315706057], [25.106553110686487, 31.51384123416309], [25.258229288665003, 31.437919221833987], [25.50715545138473, 31.444781862214846], [25.789500269499964, 31.48984106631641], [26.143334421721644, 31.490577302888674], [26.823994669524378, 31.358560167268557], [27.08809569796676, 31.306726060823244], [27.438754114714808, 31.25182493777637], [27.763331446257776, 31.182614885286135], [27.919449839202112, 30.99868544192676], [28.099829706755823, 30.99905737491016], [28.517182383147425, 30.9617992267168], [28.966422113982386, 30.784841142610354], [29.2488470407402, 30.753661714509768], [29.35938170870895, 30.81107100100879], [29.683102640715784, 31.053170762971682], [30.099139246550745, 31.231925569490237], [30.476056131926722, 31.31528814883594], [30.827059778777308, 31.436736665681643], [30.995955500212855, 31.468850694612307], [31.15138152560348, 31.443749986604494], [31.392270121184534, 31.44426115603809], [31.71741584262008, 31.387752138093752], [31.80812362155074, 31.178281389192385], [32.076510462371054, 31.013650499299807], [32.30937865695113, 31.08401831241016], [32.36984576191369, 31.05878722655157], [32.49112434922471, 29.794817982634576], [32.43838027438277, 29.7755199298418]]]]}, "properties": {"period_year": 100, "label": "Roman Empire"}}, {"type": "Feature", "geometry": {"type": "MultiPolygon", "coordinates": [[[[25.766351121351125, 36.33755930622052], [25.713135546885347, 36.34980613615219], [25.735942221656394, 36.38653506822634], [25.78915779612218, 36.40489303146257], [25.8727822702827, 36.35592882884054], [25.766351121351125, 36.33755930622052]]], [[[25.386239875166947, 36.319185450416924], [25.317819850853795, 36.39877419215787], [25.333024300701165, 36.45994089964729], [25.371035425319583, 36.49661778527289], [25.49267102409852, 36.42324665835019], [25.49267102409852, 36.331435169041356], [25.386239875166947, 36.319185450416924]]], [[[26.085644568145838, 36.89891612690345], [25.95640674444322, 36.84418129487496], [25.83477114566428, 36.78331883149609], [25.75114667150376, 36.78331883149609], [25.75114667150376, 36.81375611186905], [25.85757782043533, 36.83809722624421], [25.948804519519534, 36.91107409621058], [26.02482676875637, 36.95968659606273], [26.085644568145838, 36.89891612690345]]], [[[24.679232957264375, 36.75896029963509], [24.466370659401235, 36.649251177336765], [24.299121711080193, 36.75286945753905], [24.428359534782814, 36.79549519508755], [24.588006258180172, 36.86851272864293], [24.679232957264375, 36.75896029963509]]], [[[24.975719729288034, 36.637051610171376], [24.945310829593303, 36.56991946228899], [24.823675230814363, 36.637051610171376], [24.823675230814363, 36.661448812220584], [24.876890805280148, 36.679741640978875], [24.975719729288034, 36.637051610171376]]], [[[25.165775352380123, 36.74068632260297], [25.196184252074858, 36.673644514576154], [25.104957552990655, 36.637051610171376], [25.059344203448553, 36.618748636935905], [25.044139753601186, 36.661448812220584], [25.165775352380123, 36.74068632260297]]], [[[25.24179760161696, 36.75286945753905], [25.249399826540643, 36.75896029963509], [25.295013176082744, 36.807669623462985], [25.431853224709048, 36.6980301207178], [25.386239875166947, 36.637051610171376], [25.264604276388013, 36.704125314038706], [25.24179760161696, 36.75286945753905]]], [[[24.534790683714387, 37.11746294371295], [24.443563984630185, 37.0992747162255], [24.428359534782814, 37.20833853996449], [24.534790683714387, 37.11746294371295]]], [[[24.382746185240713, 37.570746906161986], [24.26111058646178, 37.540613155635555], [24.299121711080193, 37.66107502189996], [24.397950635088083, 37.667092994189616], [24.382746185240713, 37.570746906161986]]], [[[24.359939510469665, 37.30515202694268], [24.359939510469665, 37.39580161737422], [24.397950635088083, 37.46824245164144], [24.489177334172286, 37.39580161737422], [24.359939510469665, 37.30515202694268]]], [[[24.86168635543278, 37.52855624381453], [24.945310829593303, 37.51046722146939], [25.044139753601186, 37.377680456560746], [24.846481905585414, 37.36559724964213], [24.86168635543278, 37.52855624381453]]], [[[24.656426282493324, 37.901413077728705], [24.762857431424894, 38.003319956303606], [25.272206501311693, 37.56472113091166], [25.46986434932747, 37.43806729073237], [25.317819850853795, 37.40184103098311], [24.92250415482225, 37.69116000393879], [24.656426282493324, 37.901413077728705]]], [[[24.64882405756964, 37.014338584785854], [24.717244081882793, 37.050751425742014], [24.785664106195945, 36.947536378182036], [24.679232957264375, 36.90499535372954], [24.64882405756964, 37.014338584785854]]], [[[24.937708604669616, 36.95968659606273], [25.150570902532756, 37.17200141281893], [25.310217625930115, 37.19622810717101], [25.310217625930115, 37.00219709179456], [25.11255977791434, 36.94146054239683], [24.937708604669616, 36.95968659606273]]], [[[25.5458865985643, 36.95968659606273], [25.4546598994801, 36.9232301280182], [25.363433200395896, 37.00826808071462], [25.340626525624845, 37.087146804747654], [25.378637650243267, 37.11746294371295], [25.53828437364062, 37.220447029530426], [25.606704397953774, 37.12352471549815], [25.59910217303009, 37.026478138264174], [25.5458865985643, 36.95968659606273]]], [[[23.409661395009216, 38.943672845059965], [23.789772641193395, 38.71863293758614], [24.13187276275916, 38.65335708482884], [24.20789501199599, 38.5523591317064], [24.29151948615651, 38.19476089687233], [24.588006258180172, 38.15292605377605], [24.5271884587907, 37.967368965721576], [24.314326160927564, 37.98534666287396], [24.192690562148627, 38.15292605377605], [24.025441613827585, 38.38569989188942], [23.66053481749077, 38.40357465937644], [23.599717018101305, 38.45717244335585], [23.637728142719723, 38.52262680680808], [23.462876969474998, 38.62366656002873], [23.120776847909237, 38.86676557896794], [22.86990342542768, 38.83716368115139], [23.01434569897767, 38.961408842619434], [23.242412446688178, 39.04411813294447], [23.409661395009216, 38.943672845059965]]], [[[26.168826136199183, 35.247108064607424], [26.273509058562464, 35.312659822419924], [26.23604491671676, 35.228763185457034], [26.242667231169886, 35.144874177888674], [26.160485300627894, 35.02428396792774], [25.898680719939417, 35.04525717349414], [25.741736445037073, 35.008853517488284], [25.590724024382776, 35.01641806216602], [24.693467173186487, 34.94047125430469], [24.7156381936943, 35.03477057071094], [24.690066370574183, 35.09244116397266], [24.324357065764612, 35.20778997989063], [24.01319793185348, 35.21041449160938], [23.785594019499964, 35.26285132022266], [23.56772330721969, 35.254981599763674], [23.513134989348597, 35.275958620027346], [23.46688559970016, 35.31790503116016], [23.529439005461878, 35.569625459626955], [23.671465906706995, 35.572249971345705], [23.669087442961878, 35.611583314851565], [23.665133509246058, 35.66665609927539], [23.69665626010055, 35.698123537019534], [23.73367789706344, 35.62731894107227], [23.742875132170862, 35.56175955386524], [23.879452738372034, 35.55241736026172], [23.956812891570276, 35.52767141909961], [24.039004358855433, 35.56175955386524], [24.033263239470667, 35.59847220034961], [24.08185676058883, 35.611583314851565], [24.15267661532516, 35.56438025088672], [24.13581756075973, 35.52242621035938], [24.091456446257776, 35.51980169864063], [24.073323282805628, 35.49620398135547], [24.113204035369105, 35.48571737857227], [24.177744898406214, 35.46998556704883], [24.219702753630823, 35.44900091739063], [24.229603800383753, 35.39131888003711], [24.388283762541956, 35.37296637149219], [24.768567118254847, 35.42802771182422], [24.997481379119105, 35.42102011294727], [25.013600382415003, 35.36247976870899], [25.10009101351852, 35.34674795718555], [25.37401870211715, 35.31790503116016], [25.511635813323206, 35.29476507754688], [25.673207316008753, 35.349368654207034], [25.713534388152308, 35.327010713533205], [25.668467554656214, 35.18682058902149], [25.741803202239222, 35.13700445742969], [25.788973841277308, 35.13700445742969], [25.9354925485527, 35.21303518863086], [26.064152750579066, 35.23924978824024], [26.09935286959762, 35.215648256257815], [26.168826136199183, 35.247108064607424]]], [[[8.696099314299769, 38.99581106753711], [8.582376513091273, 39.06576880069141], [8.417174372283167, 39.212203584626955], [8.374221834746546, 39.307845674470705], [8.465033564177698, 39.639937959626955], [8.508480105010218, 39.946475587800784], [8.487975153533167, 40.20879705996875], [8.42818931063766, 40.464854799226565], [8.20155242404098, 40.66299780459766], [8.159486803618616, 40.7846752032793], [8.240707430449671, 40.85533865542774], [8.40555289706344, 40.86208304019336], [8.766072306243128, 40.8628002032793], [8.91842368563766, 40.94002493472461], [9.30620387515182, 41.18444784732227], [9.590851816741175, 40.902911745027346], [9.79373935183639, 40.56368216128711], [9.787847551909632, 40.44195517154102], [9.695723566619105, 40.31368979068164], [9.630800280181116, 40.09585531802539], [9.69800952395553, 39.69349630923633], [9.648338350859827, 39.45721396060352], [9.47892001589889, 39.14415701480274], [9.296275171843714, 39.23312338443164], [9.062541994658655, 39.21989019961719], [8.998516115752405, 39.175094209626955], [8.931367907134241, 39.05370291324024], [8.819559130278773, 38.976913057283205], [8.696099314299769, 38.99581106753711]]], [[[9.270520243254847, 42.882510744050784], [9.30318931063766, 42.983192048982424], [9.367051157561487, 42.988101564363284], [9.414238962737269, 42.90952643008594], [9.432161364165491, 42.79413565249805], [9.40549472293014, 42.58059652896289], [9.458552393523401, 42.55605658145313], [9.486711535063929, 42.4063793048418], [9.452508959380335, 42.04830511660938], [9.357456240264124, 41.90121039004688], [9.304538759795374, 41.575267396882815], [9.173024210540003, 41.34990652652149], [9.038939509001917, 41.36949881167774], [9.013268503752894, 41.457679353669924], [8.828752550688929, 41.49197729678516], [8.726921114531702, 41.56056936831836], [8.854648623076624, 41.65367849917774], [8.823254618254847, 41.68797644229297], [8.626926455107874, 41.73208960147266], [8.742449793425745, 41.8815990314043], [8.692829165068812, 41.913463197664065], [8.561865839568323, 41.8815990314043], [8.537932428923792, 41.94778021426563], [8.589588198271937, 41.957591615632815], [8.66831210574264, 42.02868612857227], [8.626454386321253, 42.09734304995899], [8.510698351470179, 42.13412436099414], [8.517246279326624, 42.20770224185352], [8.628421816436, 42.26165731997852], [8.500446352568812, 42.359778963044924], [8.609300646392054, 42.48734625430469], [8.87900260409469, 42.624766908601565], [9.000392946807093, 42.63458975406055], [9.018427881804651, 42.69103964419727], [9.149460825530237, 42.710670076326174], [9.23769286593551, 42.664039216951174], [9.280391726103968, 42.727855287507815], [9.270520243254847, 42.882510744050784]]], [[[33.77266601046676, 35.129283510164065], [33.92467406710738, 34.95322760196094], [33.79195693453902, 34.95737036319141], [33.732577356902304, 34.90862234683399], [33.68582061251754, 34.93486746402149], [33.538512262908164, 34.944156251863284], [33.48393538912887, 34.79579123111133], [33.1313925119316, 34.680335603669924], [32.958617243376914, 34.659339509919924], [32.91454604586715, 34.635726533845705], [32.91451552828902, 34.54125937075977], [32.816657099333945, 34.538638673738284], [32.78413680514449, 34.625228486970705], [32.603392634001914, 34.61473425479297], [32.35718062838668, 34.680335603669924], [32.271090540496054, 34.71969565005664], [32.27097991427535, 34.81415518374805], [32.198500666228476, 34.86138876529102], [32.1437216134941, 35.042544923738284], [32.1804762216484, 35.05831488223438], [32.23445800265426, 35.01363333316211], [32.30098632296676, 35.01626165957813], [32.48311522921676, 35.15294226260547], [32.596983942595664, 35.15557440371875], [32.74495223483199, 35.11427267642383], [32.77952483615035, 35.15294226260547], [32.819071802703085, 35.2817455157793], [32.795111689177695, 35.36061056704883], [33.07747939547652, 35.3186107501543], [33.37370971163863, 35.30648001284961], [33.539042505828085, 35.33169516177539], [33.90731719454879, 35.436847291902346], [34.21733764132613, 35.573566041902346], [34.45821288546676, 35.64456137271289], [34.24465468844527, 35.511844240144534], [34.04842666110152, 35.40793188662891], [33.780497583953085, 35.2081371173418], [33.77266601046676, 35.129283510164065]]], [[[28.034638437834925, 43.39190252871875], [27.887320551482386, 43.06352575869922], [27.86990836581344, 42.799876771882815], [27.836163553801722, 42.73552282901172], [27.654044184294886, 42.68373831363086], [27.501950296965784, 42.51634558291797], [27.494702372161097, 42.40090139956836], [27.60787108859176, 42.41677816958789], [27.722533259001917, 42.31621512027149], [27.737710032073206, 42.24700125308399], [27.913407358733362, 42.078101716951174], [27.917952570525355, 41.977672182039065], [28.026202234831995, 41.88238485904102], [28.018178019133753, 41.75320776553516], [28.06983855685348, 41.62496908755664], [28.10439780673141, 41.59297140689258], [28.371457132903284, 41.43312796206836], [28.74022201022262, 41.32482870669727], [29.012368235198206, 41.254832826570315], [29.081099543181605, 41.200511537507815], [28.964453730193323, 40.98923834414844], [28.82780745944137, 40.91469915957813], [28.596150431243128, 40.94698675723438], [28.17331412753219, 41.05789526553516], [28.02636817416305, 41.02620657534961], [27.93218329867477, 40.95754965396289], [27.47416976412887, 40.962833009675784], [27.313046488372034, 40.789912782625], [27.263756785002894, 40.66717108340625], [26.888926539031214, 40.524676881746096], [26.613572153655237, 40.39804037661914], [26.513939890471644, 40.28197439761524], [26.37586310824508, 40.21340902896289], [26.255158457366175, 40.081561647371096], [26.140885386077112, 40.044654451326174], [26.2142896982109, 40.16066702456836], [26.222796473113245, 40.223956666902346], [26.194821390715784, 40.30307348819141], [26.457545313445276, 40.434974275544924], [26.556477579680628, 40.49829062075977], [26.454838785735316, 40.584308229402346], [26.418061289397425, 40.577823244050784], [26.124041590300745, 40.602847658113284], [26.020724329558558, 40.669322572664065], [25.992875132170862, 40.85245855899219], [25.635705027190394, 40.87737616153125], [25.30111411532516, 40.89594229312305], [25.046317133513636, 40.952273927644534], [25.01892951449508, 41.01714666934375], [24.812115702239222, 40.933421693757815], [24.70066359957809, 40.878341279939455], [24.519127878752894, 40.873065553621096], [24.50495246371383, 40.98406942935352], [24.35430243929977, 40.97096212954883], [24.219058069792933, 40.82968481631641], [24.02515510043258, 40.74636038394336], [23.88595298251266, 40.732894502595705], [23.748394999114222, 40.80443152041797], [23.63469794711227, 40.77275427432422], [23.632977518645472, 40.71316870303516], [23.709055933562464, 40.63003500552539], [23.785174402800745, 40.477191530183596], [23.923703226653284, 40.450809083894534], [24.295352015105433, 40.176490388826174], [24.22063544711227, 40.144847475007815], [24.054778132048792, 40.260882936433596], [24.04777816256637, 40.3083568439043], [23.923533472624964, 40.34528311343555], [23.77477363070602, 40.392764650300784], [23.72216895541305, 40.348243318513674], [23.627234491912073, 40.34528311343555], [23.65880111178512, 40.28726156802539], [23.651745829192347, 40.22922857852344], [23.80366424044723, 40.15539129825], [23.86865905245895, 40.16067465396289], [23.920109781829066, 40.05519827456836], [23.90661719760055, 39.997195802644534], [23.796032938567347, 39.986651979402346], [23.59577277621383, 40.19231756778125], [23.442486795989222, 40.25560721011524], [23.349078211394495, 40.2819782123125], [23.291760477629847, 40.28726156802539], [23.29313949069137, 40.24505575747852], [23.259058985320276, 40.22922857852344], [23.321034464446253, 40.15539129825], [23.366839441863245, 40.107928834871096], [23.436467203704066, 40.044654451326174], [23.523348841277308, 40.018287263826174], [23.59218505343551, 40.00246389956836], [23.63858512362594, 39.96034201236133], [23.59689048251266, 39.93405493350391], [23.374392542449183, 39.955089174226565], [23.26052573641891, 39.970870576814455], [23.276309046355433, 40.04992254825], [23.2147779794609, 40.181766115144534], [23.14114097079391, 40.26615484805469], [22.960160288420862, 40.314708314851565], [22.74805549105758, 40.482467256501955], [22.863902124968714, 40.535228334382815], [22.87546256503219, 40.596324525789065], [22.851946863738245, 40.65133627505664], [22.76996711215133, 40.66717108340625], [22.70125487765426, 40.57744940371875], [22.49206641635055, 40.49829062075977], [22.602265390959925, 40.39723929019336], [22.48961738070602, 40.23052557559375], [22.467362436858362, 40.118480287507815], [22.525612864104456, 40.064166627839846], [22.55512908419723, 39.986651979402346], [22.695097956267542, 39.834483705476565], [22.754473719206995, 39.81834753604297], [22.813431772795862, 39.602740846589846], [23.074168238249964, 39.41345175357227], [23.23608497103805, 39.20315893741016], [23.158499750701136, 39.140079103425784], [23.051917109099573, 39.10328634829883], [23.09980681857223, 39.1873851642168], [23.045252832976526, 39.27149923892383], [22.981301340666956, 39.329330049470705], [22.91898635348434, 39.345103822664065], [22.850853952971644, 39.36613043399219], [22.720257792082972, 39.287269197419924], [22.7660589548027, 39.20278891177539], [22.834883722869105, 39.16636236758594], [22.871062311736292, 39.02434881778125], [22.784213099089808, 38.94033392520313], [22.490498575774378, 38.87685354800586], [22.602313074675745, 38.856238923982424], [22.72328856906051, 38.793170534089846], [22.899373087493128, 38.766891084626955], [22.984231028166956, 38.66704138369922], [23.09980109652633, 38.67229803653125], [23.169491800872034, 38.66704138369922], [23.190995249358362, 38.61034353824024], [23.356156382170862, 38.48950155825977], [23.49384406527633, 38.483131013826174], [23.55576613864059, 38.351764284089846], [23.682751688567347, 38.34651144595508], [23.80394843539352, 38.34651144595508], [23.960743937102503, 38.20991476626758], [23.966990503874964, 38.15213354678516], [23.880024942961878, 38.11535605044727], [23.98729995211715, 37.76342733950977], [23.918181452361292, 37.684642396882815], [23.835513147917933, 37.684642396882815], [23.73368361910934, 37.85785635562305], [23.63414863070602, 37.878978334382815], [23.540715250579066, 38.004100404695315], [23.49570182284469, 38.06807669253711], [23.4192571969902, 38.06807669253711], [23.19584182223434, 38.00503882022266], [22.980614695159144, 37.957767091707034], [22.898057016936487, 37.89998968692188], [23.039967569915003, 37.85796698184375], [23.045392069426722, 37.773578248933596], [23.048874888030237, 37.64263113589649], [23.151383432952112, 37.59012182803516], [23.22054770907516, 37.601825319246096], [23.321707758513636, 37.63738211245899], [23.312159571257776, 37.548106752351565], [23.418124231902308, 37.46934088321094], [23.184979471770472, 37.42733343692188], [23.18579200228805, 37.374827943757815], [23.1095648141777, 37.34664114566211], [22.970976862517542, 37.38532217593555], [23.025345835295862, 37.479842744783205], [22.942069086638636, 37.518390260652346], [22.713290247527308, 37.543433748201174], [22.642317804900355, 37.58486517520313], [22.638745340911097, 37.492286287263674], [22.726239237395472, 37.28850897403125], [22.81334975680465, 37.212054811433596], [22.793108973113245, 37.1385570392168], [22.886887583342737, 37.04668005557422], [22.98255256137008, 36.6147533282793], [22.673554453459925, 36.754283510164065], [22.524447474089808, 36.722125612214846], [22.390296015349573, 36.524371705964846], [22.19140723666305, 36.855235658601565], [21.98417190035934, 37.02048071475391], [21.780915293303675, 36.82254370303516], [21.588168177214808, 36.9814411029375], [21.531443628874964, 37.11514624209766], [21.62650016268844, 37.30651815982227], [21.613707575408167, 37.41484793277149], [21.51731399020309, 37.53575857730274], [21.29634765109176, 37.72654303164844], [21.2211313577568, 37.82839544864063], [21.228430780974573, 37.90490683169727], [21.44045165499801, 38.179515443757815], [21.71449950656051, 38.135440431550784], [21.905766520110316, 38.26973684878711], [21.996687922087855, 38.25078161807422], [22.74721435031051, 37.95260580630664], [22.89865592440719, 37.9975543841875], [23.116345438567347, 38.157394014314455], [22.996743235198206, 38.17934378238086], [22.87563804110641, 38.204600892976565], [22.33374122103805, 38.426707826570315], [21.8264723153984, 38.46395834536914], [21.661257776824183, 38.43810995669727], [21.36445525607223, 38.412005983308596], [21.17240432223434, 38.34783896060352], [20.77183059176559, 38.85093268008594], [20.892598185149378, 38.895831666902346], [21.006508860198206, 38.87054403872852], [21.104685816374964, 38.92177542300586], [21.159516367522425, 39.004825197175784], [21.007184061614222, 39.112987123445315], [20.901148829070276, 39.06173285098438], [20.677752527800745, 39.08042486758594], [20.211808237639612, 39.404925905183596], [20.1223821969902, 39.551009736970705], [20.09082892855758, 39.60253103824024], [20.02855971774215, 39.81378134341602], [19.803648981658167, 40.016963563875], [19.36906722506637, 40.26028021426563], [19.380225214568323, 40.32358130069141], [19.48371222933883, 40.29589041324024], [19.494483027068323, 40.4027171954668], [19.339222941008753, 40.58873709292774], [19.527255091277308, 40.865890108064455], [19.445403132048792, 40.96489676089649], [19.529950174895472, 41.21844442935352], [19.416991266814417, 41.345252595857424], [19.49891570529098, 41.52362021060352], [19.619383844939417, 41.559302888826174], [19.606965097991175, 41.761539064363284], [19.45788672885055, 41.79808386416797], [19.367713007537073, 41.84637030215625], [19.338465723601526, 41.86202200503711], [19.143036875334925, 41.93209036441211], [19.135544809905237, 41.99954184146289], [18.90989974459762, 42.217792116121096], [18.843149619713987, 42.24141953915808], [18.528643641081995, 42.35274466128711], [18.513588938323206, 42.362140260652346], [18.24871161898727, 42.52743872256641], [18.001368555632776, 42.69445761294727], [17.646380457488245, 42.864600740388674], [17.595679316130823, 42.888900361970705], [17.54798034152145, 42.92011984439258], [17.304074229691235, 43.07620747861257], [17.07508758029098, 43.22274740786914], [16.99226287325973, 43.32271536441211], [16.639813456145472, 43.38973578067188], [16.54851058444137, 43.461314760164065], [16.36674788912887, 43.51302298159961], [16.059407267180628, 43.4334789142168], [15.912835154143519, 43.65224798770313], [15.494369067245357, 43.88844455774298], [15.412318262664026, 43.934756837800784], [15.149468454924769, 44.23992880435352], [15.274405512419886, 44.23661383242969], [15.548222574797816, 44.229346834138674], [15.285944017974085, 44.32891806216602], [14.989106211272425, 44.54002722354297], [14.906961474028773, 44.72332342715625], [14.945532831755823, 44.92658957095508], [14.815391573516077, 45.07786902041797], [14.524585756865687, 45.26628454776172], [14.354488405791468, 45.32289084048633], [14.23862174471969, 45.062354646638674], [14.174608263579554, 45.010387025789065], [14.188512835112757, 44.94254644961719], [14.060400042144007, 44.89470251651172], [13.991256746855921, 44.783099733308596], [13.89510253390426, 44.75918158145313], [13.6720590921318, 45.050357423738284], [13.643589052764124, 45.179088197664065], [13.52689078768844, 45.45431097598438], [13.556276354399866, 45.4596019610918], [13.7490854593193, 45.49433096499805], [13.799984011260218, 45.56637152285938], [13.673180613127894, 45.71450766177539], [13.564614328948206, 45.72652395816211], [13.437729868498987, 45.638431154207034], [13.367695841399378, 45.69448813052539], [13.156165155974573, 45.72652395816211], [13.104608568755335, 45.58238562198047], [12.898650202361292, 45.55837210269336], [12.44815543612594, 45.39428671450977], [12.483212503997034, 45.46231421084766], [12.279743227568812, 45.40228994937305], [12.251417193022913, 45.29028280825977], [12.180371317473597, 45.27027853579883], [12.176189455596155, 45.21429022403125], [12.312513384429163, 45.178294740632815], [12.322136911956019, 45.0423656329668], [12.408988031951136, 44.9890094623125], [12.523090395537562, 44.88275106997852], [12.476044687834925, 44.787086091951174], [12.377765212721485, 44.73152979882409], [12.27358439883346, 44.67263754458789], [12.280731234160609, 44.55012472720508], [12.345076593962855, 44.30104025454883], [12.508117008152883, 44.131458089893975], [12.697230372039026, 43.934756837800784], [13.600871119109339, 43.53480490298633], [13.731556925383753, 43.37416037173633], [13.791634592620081, 43.12334402652149], [13.91509059390182, 42.87276419253711], [14.076401988875038, 42.6337763953921], [14.092769655791468, 42.60952719302539], [14.404933008757776, 42.35311087222461], [14.429446711442168, 42.326661124182635], [14.51930907687301, 42.22970160098438], [14.719955477324671, 42.141761384919924], [14.738527330962366, 42.047156892732424], [14.922405275908655, 41.97177084536914], [15.448605570403284, 41.856727205232424], [16.012843165007776, 41.90432318301563], [16.187411341277308, 41.84086187930469], [16.198414835540003, 41.745669923738284], [15.989146265593714, 41.634646974519534], [15.873253855315394, 41.50214346499805], [15.991044077483362, 41.40614279361133], [16.42026809176559, 41.278724275544924], [16.94596389254684, 41.093814454988284], [17.258607996763015, 40.95599425161939], [17.319272074309534, 40.92925222964649], [18.033919367400355, 40.59665258975391], [18.059941324797816, 40.513534151033205], [18.3836126657402, 40.307750307039065], [18.522648844329066, 40.09413107486133], [18.433678660002894, 39.89840658755664], [18.364918741790003, 39.746722780183596], [18.16013053378219, 39.87313421817188], [18.017067942229456, 39.947894655183596], [17.967745813933558, 40.16689261050586], [17.84960463961715, 40.24349554629688], [17.61914924105758, 40.2878375873125], [17.401650461760706, 40.29192694278125], [17.20417121371383, 40.39794119449024], [17.242802652922816, 40.49576147647266], [17.08408072909469, 40.52511175723438], [16.948712381926722, 40.481090150789065], [16.84413054904098, 40.363135896638674], [16.727564844695276, 40.183604799226565], [16.604413065520472, 40.089908204988284], [16.623852762786097, 39.96775396914844], [16.535006556121058, 39.83156546206836], [16.532101664153284, 39.697513185457034], [16.873986277190394, 39.543651185945315], [17.14906981906051, 39.42180212588672], [17.107419046965784, 39.28047140689258], [17.120997461882776, 39.08602102847461], [17.18071273287887, 39.02220877261524], [17.094689402190394, 38.915023408845705], [16.797699961272425, 38.92585714908008], [16.61332992037887, 38.82732733340625], [16.522202524748987, 38.72502478213672], [16.57200149020309, 38.45711859317188], [16.330693277922816, 38.320743165925784], [16.052943262664026, 37.93117483706836], [15.785237345305628, 37.909705720857424], [15.71022704562301, 37.94143637271289], [15.627475771514124, 38.00421103091602], [15.62657741030807, 38.23308142276172], [15.790868792144007, 38.296397767976565], [15.933466944304651, 38.53991659732227], [15.827300104705042, 38.62273367495899], [15.989846262541956, 38.73476370425586], [16.15220931491012, 38.70126684756641], [16.2122259469902, 38.77795370669727], [16.177208933440394, 38.93099173159961], [16.082562479582972, 39.01247366519336], [15.989552530852503, 39.4283519610918], [15.84651435050798, 39.62985800079746], [15.824671778289026, 39.660628877595705], [15.757021936980433, 39.93362768741016], [15.666200670806116, 40.091861329988284], [15.515924486724085, 40.06594809146289], [15.432033571807093, 39.988971315339846], [15.027263674346155, 40.212195955232424], [14.898671183196253, 40.241458497957034], [14.992320093718714, 40.37221869082813], [14.951005014983362, 40.55147894473438], [14.743317637053675, 40.70481451602344], [14.334127459136194, 40.593604646638674], [14.34976962527389, 40.64252432437305], [14.494590792266077, 40.72996100039844], [14.370310816374964, 40.85147055240039], [14.239995989409632, 40.852943025544924], [14.050873789397425, 40.76751288028125], [13.941878351775355, 40.99803503604297], [13.852500948516077, 41.09095724673633], [13.797006640044398, 41.19344671817188], [13.760507236170445, 41.20669841632788], [13.49839023074264, 41.301864229158205], [13.329107257915082, 41.31109494864743], [13.271446261016077, 41.31423910708789], [12.976777109709925, 41.371375642732424], [12.641516718474573, 41.53109701724414], [12.394848856536097, 41.72954901309375], [11.963433298674769, 42.00474127383594], [11.960132972376561, 42.00737273955097], [11.497365030852503, 42.376353822664065], [11.104763063994593, 42.549083314851565], [10.742755922881312, 42.850509248689455], [10.487745318022913, 43.235938631013674], [10.337910145884006, 43.596202827939074], [10.292479548064417, 43.70543631167774], [10.261382708001236, 43.74523947476491], [10.155236147769651, 43.88110436777192], [10.136747393218226, 43.904769502595705], [9.909300837126917, 44.110477052644534], [9.82549804898012, 44.152548314253266], [9.691935572234339, 44.219600282625], [9.1570444436943, 44.37323721499805], [8.896585497466273, 44.43718679995899], [8.671724352446741, 44.417403779939455], [8.342789137617475, 44.22018781295507], [8.186360392180628, 44.12639959903125], [8.089567661878142, 44.05082949636362], [8.048067028406173, 44.01842822901174], [7.979526552764124, 43.964915834382815], [7.689120325652309, 43.88704641909961], [7.552810225096888, 43.867450319246096], [7.467525371397117, 43.81083423022823], [7.397118601409144, 43.76409491153125], [7.297616514769739, 43.667300783113284], [6.923080000487513, 43.44766577334766], [6.523014101592249, 43.15085180850391], [6.331224951354212, 43.11186941714649], [6.187778505889124, 43.092288576082034], [5.828570398894495, 43.020816408113284], [5.646554979888148, 43.03331717105274], [5.434490236846155, 43.103656373933596], [5.05181697329635, 43.32809790225391], [4.909845861998743, 43.366439424470705], [4.750594648925013, 43.35325964541797], [4.646513971892542, 43.320865236238284], [4.416764769164271, 43.34614523501758], [4.078196081725307, 43.48708685489063], [3.807468924132532, 43.467227540925784], [3.47871283015365, 43.31209524722461], [3.317868027297205, 43.19595297427539], [3.067900213805383, 42.944564424470705], [3.001891169158167, 42.77080877871875], [3.045898947325891, 42.53945501895313], [3.087081465331262, 42.36864431949024], [3.086528334227747, 42.329112611726565], [3.08628610095138, 42.1207233295], [3.156553778258508, 42.075721345857424], [3.128878864852136, 41.85722693057422], [2.628259214965051, 41.61954077334766], [2.200590166655725, 41.44614752383594], [2.080724749175256, 41.29848822207813], [2.065487708318266, 41.295597639403624], [1.609828624335474, 41.20915564151172], [1.442095519242574, 41.17999861920224], [1.311244878379053, 41.15725287051563], [0.879201922026819, 41.0217357501543], [0.733751806822962, 40.87495382876758], [0.709782037345117, 40.78514822574024], [0.82712546309585, 40.7274242267168], [0.787556442824548, 40.65688665957813], [0.505141589251703, 40.592757783845705], [0.237927589026636, 40.24019964785938], [-0.160625037344748, 39.886024080232424], [-0.203663793000036, 39.79943808169727], [-0.284515861960703, 39.63677176089649], [-0.394848432930762, 39.434459291414065], [-0.235902842673117, 39.06240423770313], [-0.203663793000036, 39.012652955964846], [-0.165695284100825, 38.95406302066211], [0.12611598095054, 38.821353517488284], [0.172570082751459, 38.738345704988284], [-0.107004006000811, 38.59149893374805], [-0.203663793000036, 38.54402884097461], [-0.43515532890206, 38.43033941836719], [-0.564126816185766, 38.21486624331836], [-0.664728876742178, 38.17657431216602], [-0.872343566807562, 37.75979956241016], [-0.802563574703985, 37.61500509829883], [-0.918272283467108, 37.57034262271289], [-1.364567962082678, 37.54839285464649], [-1.625712480934912, 37.439490877107424], [-1.816879835518652, 37.2924762591875], [-1.940475192459875, 36.95159872622852], [-2.238797393235022, 36.728396974519534], [-2.355097499283606, 36.82405050845508], [-2.624331441315466, 36.811297975496096], [-2.761496749314123, 36.69013937564258], [-2.915331569107825, 36.69013937564258], [-2.969792333039099, 36.74114950747852], [-4.446585622223669, 36.72201880069141], [-4.757303681763464, 36.48610647769336], [-5.216736283692175, 36.40959509463672], [-5.374227490814977, 36.23747595401172], [-5.38674971142655, 36.10998495669727], [-5.424260106476599, 36.07174261660938], [-5.457090821656042, 36.16735800357227], [-5.487933125885778, 36.173724733308596], [-5.485486474427038, 36.06536825747852], [-5.660587277802282, 36.008006654695315], [-5.850014176758581, 36.07174261660938], [-6.204461064728552, 36.28209646792774], [-6.304971661957556, 36.45422323794727], [-6.288880792053991, 36.57217749209766], [-6.444025006684119, 36.62318380923633], [-6.500485864075475, 36.718829713777346], [-6.421713319214636, 36.79216345401172], [-6.632153954895788, 37.02175100894336], [-6.947954621704869, 37.14931448550586], [-7.010098424347691, 37.165259920076174], [-7.227823701294714, 37.22585638614063], [-7.491503682526403, 37.20815619082813], [-7.603436437043005, 37.16297873111133], [-7.836042371186071, 37.03225287051563], [-8.033637967499548, 37.00878866763477], [-8.280239072235876, 37.088580690339846], [-8.541073766144567, 37.088580690339846], [-8.667059865387731, 37.12144049258594], [-8.990849461945349, 36.990008912996096], [-9.016643491181188, 37.069800935701174], [-8.841511693390661, 37.52514608950977], [-8.848719534846378, 37.81676788621598], [-8.851028409394079, 37.91018255801563], [-8.93278595486527, 37.96184118838672], [-8.822993245514684, 38.206073366121096], [-8.847303357514196, 38.384566865876955], [-8.788920369538122, 38.43598135562305], [-8.853651967438513, 38.4996410235918], [-9.022322621735388, 38.46102102847461], [-9.236570325287634, 38.41744955630664], [-9.2851581243599, 38.61946829409961], [-9.069152799042516, 38.64295919986133], [-8.941892590912634, 38.74191626162891], [-8.960826840790563, 38.81846197696094], [-9.040849652680212, 38.92018087954883], [-9.175754514130407, 38.73223074527149], [-9.361637082489782, 38.671145997957034], [-9.522397008332067, 38.6899371966875], [-9.54900738278275, 38.77451666446094], [-9.459762540253454, 38.95307882876758], [-9.3977069524849, 39.23036154361133], [-9.415269818695837, 39.366675935701174], [-9.299269643219763, 39.417735658601565], [-9.117922749909216, 39.64403494449024], [-8.915585484894567, 40.13814886660938], [-8.969669309052282, 40.19001730533008], [-8.69406982937699, 40.992171846345705], [-8.851777997406774, 41.40782888980274], [-8.854754414948278, 41.59685095401172], [-8.920735326203161, 41.76702078433399], [-8.806055035980993, 41.889178834871096], [-8.86048599758988, 42.0145336017168], [-8.798570599945837, 42.194530092195315], [-8.644062962921911, 42.419749818757815], [-8.805045094879919, 42.63155706973438], [-8.94172379055863, 42.824195466951174], [-9.173123326691442, 42.85590323062305], [-9.24685951748734, 42.900775514558596], [-9.270803418549352, 43.048690401033205], [-9.197466817292028, 43.158214174226565], [-9.013589826020056, 43.28085669131641], [-8.849216428192907, 43.326243959382815], [-8.595722165497595, 43.339618287996096], [-8.31041332760697, 43.35304983706836], [-8.25069710293656, 43.4304271564043], [-8.22022434750443, 43.61720999331836], [-7.979528870972448, 43.740054689363284], [-7.636274781616979, 43.721412263826174], [-7.151302304657751, 43.554942689851565], [-6.807975736054234, 43.523421846345705], [-6.467573609741979, 43.56272467227344], [-6.208046403321081, 43.640521608308596], [-5.979656186493688, 43.70537909121875], [-5.820451226624304, 43.70568808169727], [-5.537417855652624, 43.57745321841602], [-5.224896397980505, 43.507247529939455], [-4.802335706147009, 43.46944388003711], [-4.110216107758337, 43.45151098819141], [-3.847605910691077, 43.43916281314258], [-3.417000499161536, 43.37565191836719], [-3.195965257080847, 43.446883760408205], [-3.007205691727453, 43.55027350039844], [-2.768362489136511, 43.53787573428516], [-2.367384400757605, 43.326243959382815], [-2.142923348652433, 43.33147102864046], [-2.065644708069617, 43.333270631746096], [-1.914577808769995, 43.3054157123125], [-1.746070232781225, 43.36016043277149], [-1.561407771500403, 43.524425111726565], [-1.314379182251745, 44.558963380769534], [-1.135849919709021, 44.600101076082034], [-1.230320539864355, 44.730411134675784], [-1.331778016480261, 44.61382635684375], [-1.275514092835242, 45.12873037906055], [-1.175191727074438, 45.50050314517383], [-1.123440351876074, 45.431617341951174], [-0.900364187153631, 45.29391058535938], [-0.814226653965765, 45.12184103579883], [-0.728486028107458, 45.01864203067188], [-0.85470238009339, 45.321448884919924], [-1.13839491883164, 45.58316382022266], [-1.247395124825293, 45.688148103669924], [-1.236505594643408, 45.8000446185625], [-1.07519969025498, 46.01461752505664], [-1.165981498154455, 46.18368109317188], [-1.256056633385473, 46.30683096499805], [-1.402668443116003, 46.403934083894534], [-1.710726466568762, 46.44879110904102], [-1.942478146942908, 46.70579870791797], [-2.129660334976965, 46.85084494204883], [-2.004645553025061, 47.04250296206836], [-2.10947760620957, 47.124042116121096], [-2.263749804886633, 47.18288382144336], [-2.493711915406042, 47.24692114444141], [-2.576483931931311, 47.324866853669924], [-2.46554347554093, 47.49438437075977], [-2.613652196320349, 47.572249971345705], [-2.842474189194494, 47.49190481753711], [-3.062696423920447, 47.60393866153125], [-3.433526244553381, 47.71681173892383], [-3.7118680147255, 47.79814871402149], [-3.858102050217444, 47.79180868716602], [-3.954837766083533, 47.90433844180469], [-4.36437365094071, 47.82931097598438], [-4.390935388001257, 47.94184836001758], [-4.510127511414343, 47.99813040347461], [-4.675397363098913, 48.01689489932422], [-4.700306382569128, 48.06380423159961], [-4.312866177948766, 48.10133322329883], [-4.350984063538366, 48.204566560701174], [-4.587968316468054, 48.25149496646289], [-4.38890167752152, 48.298438631013674], [-4.350201573761755, 48.390506349519534], [-4.473793950470739, 48.382937990144534], [-4.59202143231278, 48.392318330720705], [-4.779634442719275, 48.354774080232424], [-4.761963334473425, 48.55200155825977], [-4.625704255493932, 48.546668611482424], [-4.488299336823278, 48.61226614566211], [-4.25147720852738, 48.65191229434375], [-3.998872962387854, 48.73053701968555], [-3.902217355164343, 48.64596136660938], [-3.821306434067541, 48.721149049714846], [-3.607873406800085, 48.692950807527346], [-3.557670083435827, 48.810077272371096], [-3.43505784550553, 48.83645971866016], [-3.091225352677161, 48.87155111880664], [-2.914459433945471, 48.70678671450977], [-2.790535416992956, 48.58958014102344], [-2.636378016861731, 48.55200155825977], [-2.342885461243445, 48.67414816470508], [-2.200072136315161, 48.598983369783205], [-2.075967636498266, 48.65615805240039], [-1.870566811951452, 48.711742006257815], [-1.857612696083838, 48.60836752505664], [-1.591356840523535, 48.63750036807422], [-1.456587758454138, 48.683551393464846], [-1.575547900589758, 48.76814230533008], [-1.588412251862341, 48.88095053286914], [-1.563408580216223, 49.036239229158205], [-1.579779472740942, 49.2290111407793], [-1.638999786766821, 49.219607912019534], [-1.891543593796545, 49.526351533845705], [-1.941284146698767, 49.70930441470508], [-1.524247136505896, 49.65277060122852], [-1.250969496163183, 49.69987829776172], [-1.288660493286902, 49.520972810701174], [-1.177143421562964, 49.33254965396289], [-1.023191001805121, 49.39845999331836], [-0.464948442372137, 49.35137899966602], [-0.239364930036122, 49.28548773379688], [-0.203663793000036, 49.291812501863284], [0.032870042530245, 49.33370550723438], [0.330848249999231, 49.45495565982227], [0.090372207966989, 49.51055487246875], [0.115054044333643, 49.60227545352344], [0.189372840729898, 49.681026063875], [0.528559717742151, 49.8258014545], [0.868757519332117, 49.90724905581836], [1.274518880454248, 50.00430258365039], [1.416228327361292, 50.10984381289844], [1.551989111510462, 50.22880896182422], [1.528296861258692, 50.57772787661914], [1.588920149413294, 50.821883760408205], [1.796177011925257, 50.92141446442835], [1.823555264083093, 50.93456228824024], [2.030328068343347, 51.006656251863284], [2.44259599169845, 51.04803045840625], [2.522131952849573, 51.09112127871875], [2.995262178984827, 51.313479982332034], [3.2136051984703, 51.35356863589649], [3.472019943801111, 51.31439169497852], [3.681297096816248, 51.3214183673418], [3.775046858397669, 51.38774450869922], [5.135158159771422, 52.126689920244836], [5.448322555449071, 52.048398821325414], [6.857562335998502, 51.57865222780894], [6.857562335998502, 51.34318559791618], [6.857562335998502, 50.952323436453646], [7.562182226273215, 50.48257684293717], [7.740685931809476, 49.99090874172327], [8.291855268202141, 49.94080243841484], [8.39206787481899, 49.59005831525587], [8.542386784744263, 49.389633102022174], [7.891004841734748, 48.88857006893793], [7.740685931809476, 48.43761333916211], [8.041323751660022, 48.287294429236844], [8.592493088052686, 48.13697551931157], [10.696957827006502, 48.68814485570423], [11.448552376632863, 48.738251159012655], [12.200146926259228, 49.139101585480056], [12.75352162757752, 48.93294238302814], [14.755568394988861, 48.187081822619994], [15.757694461157344, 48.53782594577896], [16.078781624466824, 48.42668038924876], [15.886140101986106, 47.86547983497711], [17.803190265556196, 47.10145779870038], [18.905605154940865, 47.44094904033701], [18.86428526627964, 45.581554050581936], [19.065554967771348, 45.53510719639154], [20.16704915229867, 45.28091623073139], [20.385843565250656, 44.797594038362774], [20.921798221915534, 44.65248758959712], [21.19899665774994, 44.92968602543153], [21.734298206156726, 44.84516472831467], [22.86616890267723, 47.26849501763038], [25.127304993041957, 47.70033314695177], [27.339285951007444, 46.90031916628867], [27.093510289011277, 46.054085290193676], [25.56970118463505, 45.64321634463933], [25.709180953652826, 43.9255057496229], [26.835364853049565, 44.19049019653978], [28.036558074998663, 44.375289153762715], [27.944158596387194, 44.92968602543153], [28.2213570322216, 45.48408289710034], [29.615916285124964, 45.41020544619922], [29.683211359587855, 45.37478979678516], [29.710764917937464, 45.25833471866016], [29.578961405364222, 45.0575023517168], [29.457522425261683, 44.91514929385547], [29.261582407561487, 44.895423494294924], [29.08974936923141, 44.87573202700977], [28.918236765471644, 44.765750490144534], [28.686247858611292, 44.48805197329883], [28.57311347445602, 44.19782217593555], [28.529885325041956, 43.84347113223438], [28.51010611971969, 43.74307592959766], [28.48053840121383, 43.59228476138477], [28.44569304904098, 43.476363740876955], [28.328095469084925, 43.43752630801563], [28.187058481780237, 43.450118623689455], [28.034638437834925, 43.39190252871875]]], [[[15.1121807428276, 37.45903357119922], [15.116248163787073, 37.286944948152346], [15.301346811858362, 37.057899080232424], [15.220631632415003, 37.000377260164065], [15.027343782988734, 36.74511679263477], [14.942398104277796, 36.738563142732424], [14.622022661772913, 36.776141725496096], [14.215912851897425, 37.0493236407793], [13.868404421416468, 37.15695150943164], [13.011567148772425, 37.52489431949024], [12.63687900027389, 37.581500612214846], [12.532035860625452, 37.63867148013477], [12.454147371855921, 37.766009889558596], [12.516644510832972, 37.91916998477344], [12.664325747100062, 38.07249792666797], [12.782839808074183, 38.11737783999805], [13.065952334014124, 38.066932283357424], [13.322475466338343, 38.22051199527149], [13.627963099089808, 38.02980764956836], [13.809530291167444, 37.966415010408205], [14.134472879973597, 37.973453126863284], [14.765865358916468, 38.0576129779375], [15.386741671172327, 38.20554693789844], [15.453687700835413, 38.16741522403125], [15.472892794219202, 38.110057435945315], [15.42252353152389, 38.05257376284961], [15.181032213774866, 37.68228109927539], [15.1121807428276, 37.45903357119922]]], [[[0.326831850615686, 52.707477174714846], [0.50467011651153, 52.847510896638674], [0.741839024630731, 52.901195131257815], [1.01266435107345, 52.88841589541797], [1.375926766005701, 52.809241853669924], [1.585714611617273, 52.650043092683596], [1.691691670027918, 52.311420045808596], [1.656872067061609, 52.21178396792774], [1.511889729109949, 52.02575644107227], [1.031286153403467, 51.812720857576174], [0.686218056288904, 51.56038626284961], [0.254172805157846, 51.453597627595705], [0.804253611174768, 51.37826880069141], [1.0300673576271, 51.35884817691211], [1.189365777579492, 51.40547140689258], [1.36468068083877, 51.35290487857227], [1.33496442755813, 51.12069662661914], [0.886016640273279, 50.981891237214846], [0.888346943465418, 50.89267309756641], [0.672568890658563, 50.930667482332034], [0.191810223666376, 50.73128470034961], [-0.203663793000036, 50.79532965274219], [-0.335705709251219, 50.816714845613284], [-0.839040127190405, 50.72180136294727], [-1.103359904679114, 50.816714845613284], [-1.372512188347632, 50.766273103669924], [-2.085358705910497, 50.702823244050784], [-2.023685899170691, 50.570010744050784], [-2.431994643601233, 50.64588888736133], [-2.550505128296667, 50.570010744050784], [-2.960618939789587, 50.72180136294727], [-3.110884395035559, 50.65736349673633], [-3.131739111068131, 50.655335218208585], [-3.188912504599814, 51.17873152457686], [-3.066043343933874, 51.177737794832034], [-3.033148970993811, 51.32989462466602], [-2.894663300904089, 51.39384802432422], [-2.750154700669104, 51.644027315095705], [-3.172751632126623, 51.46690710635547], [-3.290847904894552, 51.464283047650085], [-3.499117579850012, 51.45965536685352], [-4.159330811890417, 51.67681463809375], [-4.998957600983434, 51.70170172305469], [-5.178603139313513, 51.787471376375], [-5.248757806214147, 51.860213838533205], [-5.06146427670365, 52.00643499942188], [-4.619082894715124, 52.093516908601565], [-4.294657674225622, 52.200320802644534], [-4.123608317765051, 52.37326391787891], [-4.093874898346716, 52.74550970645313], [-4.147546019944006, 52.83189734073047], [-4.468318429383093, 52.81130179019336], [-4.62135025540238, 52.83098181338672], [-4.491883244904333, 52.990977846101565], [-4.317542043122106, 53.09120901675586], [-3.956724610718542, 53.205150209382815], [-3.329535689743811, 53.233016572908205], [-2.914475407990271, 53.26714285464649], [-3.056740966233069, 53.513614259675784], [-2.979541268738562, 53.82085379214649], [-2.865320411118323, 54.02827414126758], [-2.885938134583288, 54.16866644473438], [-3.261474337967688, 54.14118155093555], [-3.479265180023962, 54.274600587800784], [-3.569233384522253, 54.41502722354297], [-3.4304058221901, 54.64308127017383], [-3.175133027434837, 54.82219511277101], [-1.551472592885132, 54.91561515050604], [-1.388892021569067, 54.68048056216602], [-1.192056861313635, 54.595355592683596], [-0.870595899018103, 54.54716833682422], [-0.604803499373251, 54.30016287417774], [-0.295500930937582, 54.03316839785938], [-0.23488095270341, 53.79938467593555], [-0.319215585085207, 53.57891424746875], [-0.318142512140932, 53.57839764138827], [-0.203663793000036, 53.52328451724414], [0.081015858260339, 53.3862262591875], [0.174518886414713, 53.29305990786914], [0.267848494855112, 53.12666281314258], [0.250867608395761, 53.04005392642383], [0.005501198974794, 52.786666475251955], [0.326831850615686, 52.707477174714846]]], [[[47.957152399626914, 29.94756468387012], [47.91136077365035, 29.89029272647266], [47.93592360934371, 29.80140646548633], [47.996031794158164, 29.490258775666994], [47.844908747283164, 29.50315435977344], [47.61403945407027, 29.272241197541994], [47.80355742892379, 29.184920869783205], [47.99150756320113, 29.277490220979494], [48.129061731902304, 29.268191896394534], [48.273871491123685, 28.886929970554853], [44.47284555203297, 29.340034319527597], [42.86033948553248, 30.987583351727405], [39.342144431349574, 31.987611883620747], [37.34095616565875, 31.512019848443217], [36.4695820290377, 29.565265499094757], [36.003849686108246, 29.28582609333708], [35.64394040112986, 29.257061957678538], [35.07210448702926, 29.211360536531252], [35.095473322478476, 29.342677675203127], [35.073397669402304, 29.418868623689455], [34.984679255095664, 29.467219911531252], [34.954257044402304, 29.43680914492969], [34.93554213961715, 29.418094240144534], [34.76433471163863, 29.246686540559573], [34.548949274626914, 28.731626115754885], [34.39884093722457, 28.095985017732424], [34.32201293429488, 27.828979097322268], [34.24119857272262, 27.758920274690432], [34.05800536593551, 27.790313325837893], [33.85604384860152, 28.024955354646487], [33.50405791720504, 28.32918318362598], [33.33074096163863, 28.551192842439455], [33.178473505583945, 28.995608888582034], [32.9437818857109, 29.198421083406252], [32.813605341521445, 29.477700792268557], [32.737277063933554, 29.693547807649416], [32.64795974215621, 29.85220106692676], [32.43838027438277, 29.7755199298418], [32.31849196871871, 29.54019697757129], [32.590575251189414, 28.93719633670215], [32.64934447726363, 28.76578100772266], [32.93467620333785, 28.37882574649219], [33.35421660861129, 27.9095474109209], [33.5669393869316, 27.369950853303713], [33.80406478366012, 26.93206938357715], [33.92880919894332, 26.56382330508594], [34.104220423308554, 26.354524217561526], [34.51484206637496, 25.573916994050784], [34.99740127047652, 24.71719893069629], [35.189864191483686, 24.399919115245694], [35.1898641916191, 24.399919115022463], [33.657230668213316, 24.017988632918694], [33.690083292409675, 23.54952842887194], [33.345321283718846, 23.354044941061307], [33.3453212837093, 23.354044941055896], [32.60525827172126, 22.815817295973687], [31.999752171003777, 22.68126038470313], [31.057853792109913, 22.68126038470313], [28.40615598944454, 27.74338300369825], [26.742965374438096, 28.574978311201477], [22.307790401087573, 29.960970490373516], [21.29139613636141, 29.960970490373516], [19.351007085520557, 29.406573618704698], [18.6118112566288, 29.406573618704698], [14.453834719112688, 31.162163712322617], [9.833860788539226, 32.91775380594053], [8.63266756659013, 34.02654754927816], [7.985871216309846, 35.50493920706167], [-8.640263524445349, 33.12173422427539], [-8.31441494503861, 33.33848150821094], [-7.902406182678991, 33.48548849673633], [-7.332620587738806, 33.69637259097461], [-7.004007783325964, 33.874984346345705], [-6.752974477204138, 34.12335165591602], [-6.511472192200475, 34.45429953189258], [-6.472049931118064, 34.530940244894], [-6.32767397652496, 34.81162115452381], [-6.302049127014929, 34.86143835635547], [-5.928758588227087, 35.72785910220508], [-5.807887044342809, 35.78541525454883], [-5.565000024231725, 35.862342439607424], [-5.479359116944128, 35.80520590396289], [-5.171789613159948, 35.42376288028125], [-5.10963150540238, 35.37931402774219], [-4.592977490814977, 35.151187501863284], [-4.29535099545365, 35.15178640933399], [-4.027887788208776, 35.13323553653125], [-3.440804210099036, 35.166278444246096], [-3.205772366913611, 35.26860769839649], [-3.009028163346106, 35.38997992129688], [-2.829877105149084, 35.14205893130664], [-2.714807000550085, 35.09774359317188], [-2.355662789734656, 35.05391653628711], [-2.325944383332021, 35.053977160631526], [-2.192973938378149, 35.05424841494922], [-2.035251822861487, 35.054568849519534], [-1.738327947052771, 35.11883123965625], [-1.495096531304175, 35.23390158267383], [-1.329105701836401, 35.48890646548633], [-1.146667149456793, 35.62936743350391], [-0.917491999062353, 35.66803701968555], [-0.734306838902289, 35.73846014590625], [-0.428770822080427, 35.86006888003711], [-0.282988813313299, 35.75847586245899], [-0.203663793000036, 35.75072058291797], [-0.091654170843416, 35.73976858706836], [0.015310812202638, 35.803668580964846], [0.198671731558985, 36.033309541658205], [0.474390897360986, 36.22496374698047], [0.781242343989557, 36.38485296817188], [1.057602915373987, 36.461856447175784], [1.579693111983484, 36.51388891787891], [2.293774160948938, 36.54082449527149], [2.524363550749964, 36.57315023990039], [2.809869083968347, 36.71390112491016], [3.070006403533167, 36.61885794253711], [3.323837790099329, 36.65123327823047], [3.586873087493128, 36.79195364566211], [3.741224560347742, 36.83686789126758], [4.163919005004114, 36.83135183902149], [4.394624266234583, 36.83819159121875], [4.532551798430628, 36.8129840716875], [4.632117304412073, 36.79406698794727], [4.777191671935266, 36.743384920076174], [5.144465002623743, 36.66767843814258], [5.382732424346155, 36.67453344912891], [5.730162176696009, 36.7517047748125], [6.047393831816859, 36.841556154207034], [6.322870287505335, 37.090648256257815], [6.770537409392542, 36.86214789004688], [6.923042807189174, 36.81784018130664], [7.063241037932581, 36.881854616121096], [7.204853090850062, 36.99046667666797], [7.306981119719691, 37.06078299136524], [7.544922861663049, 37.04214438052539], [7.719043287841028, 36.95327719302539], [7.79204085787887, 36.83235891909961], [7.913174662200159, 36.77524908633594], [8.145014795867151, 36.813949190095705], [8.63670924624557, 36.885257326082034], [8.865518602935023, 36.96835287661914], [9.15028003176803, 37.17287405581836], [9.416118654814905, 37.27537878604297], [9.73219970187301, 37.28239782901172], [10.021354708281702, 37.20013388247852], [10.132734331694788, 37.104747377351565], [10.158871683684534, 36.99647482486133], [10.271508249846644, 36.754554353669924], [10.392797503081507, 36.716571412996096], [10.580582651702112, 36.79342230410938], [10.843251261321253, 36.99148901553516], [11.02375701388473, 37.06832464785938], [11.039403948394007, 36.90904577823047], [10.920062098113245, 36.6539378985918], [10.633412394133753, 36.424014650300784], [10.509244951811976, 36.21355398745899], [10.511460337248987, 36.08616980166797], [10.602607760039515, 35.88894613833789], [10.830826792327112, 35.679278932527346], [10.988951716033167, 35.622298799470705], [11.125108751860804, 35.2406078204668], [11.082800898162073, 35.14503439517383], [10.839357409087366, 34.8011546954668], [10.574025187102503, 34.648109041169924], [10.11642173251266, 34.234168611482424], [10.019480738249964, 34.08147390933399], [10.148656878081507, 33.87839850039844], [10.412600550261683, 33.63112600894336], [10.650217089263148, 33.49818380923633], [10.778140101042933, 33.473033510164065], [10.956539187041468, 33.575057588533205], [11.099118265715784, 33.53722723575], [11.208920511809534, 33.25152166934375], [11.470686945525355, 33.14409216494922], [12.117019686309046, 32.87850149722461], [12.56475642642135, 32.73963888736133], [12.79886344393844, 32.733768068269534], [13.187125238982386, 32.791759096101565], [13.458779368010706, 32.77960928531055], [14.157023462859339, 32.67937811465625], [14.433427843657679, 32.46390875430469], [14.790810618010706, 32.362994752839846], [15.009786638823694, 32.363441072419924], [15.163704905120081, 32.27480658145313], [15.241435083953089, 32.17330130191211], [15.358129534331507, 31.805022798494143], [15.53340819796676, 31.55121573062305], [15.843325647917933, 31.285003267244143], [16.013379129973597, 31.22817000003223], [16.31838706454391, 31.165261827424807], [16.78251937350387, 31.128097139314455], [16.983780893889612, 31.09674223513965], [17.421629938689417, 30.99598654361133], [17.70897963961715, 30.894923768953127], [17.957158121672816, 30.768363557771487], [18.537213358489222, 30.41374548526172], [18.608251734640834, 30.374469834132547], [18.88543416831375, 30.221221390772325], [18.91502669772262, 30.204860292390627], [19.12453940829391, 30.198943696931643], [19.31879586713139, 30.255372139199526], [19.3228159280693, 30.256539903596682], [19.66391471346969, 30.44150122256641], [19.981537851897425, 30.721730791047854], [20.11676886996383, 30.957103334382815], [20.116768869963657, 30.957103334605364], [20.11667922457809, 31.071467958406252], [19.992096933928675, 31.350774370149416], [19.94158271273727, 31.611169420198244], [19.961470636931605, 31.795470796541018], [20.068364176360316, 32.03713568301563], [20.365721735564417, 32.29824026675586], [20.51552489718551, 32.38751181216602], [20.765051874724573, 32.49603231997852], [21.05449775179977, 32.630050264314455], [21.673419031706995, 32.815589509919924], [22.215989145842737, 32.79128988833789], [22.54312613925094, 32.72207220645313], [22.92284682711715, 32.55765875430469], [23.00733283480758, 32.48158987613086], [23.026656183806605, 32.25291021914844], [23.153338465300745, 32.138812623933596], [23.2886362405693, 32.13273199649219], [23.714034113494105, 32.0764232501543], [23.74241927163002, 32.0640980489926], [24.03440383395309, 31.937314592317385], [24.236922297087855, 31.92502363772754], [24.8158579202568, 31.90715368838672], [24.95152572116012, 31.818492494539065], [24.982237848845667, 31.647012315706057], [25.106553110686487, 31.51384123416309], [25.258229288665003, 31.437919221833987], [25.50715545138473, 31.444781862214846], [25.789500269499964, 31.48984106631641], [26.143334421721644, 31.490577302888674], [26.823994669524378, 31.358560167268557], [27.08809569796676, 31.306726060823244], [27.438754114714808, 31.25182493777637], [27.763331446257776, 31.182614885286135], [27.919449839202112, 30.99868544192676], [28.099829706755823, 30.99905737491016], [28.517182383147425, 30.9617992267168], [28.966422113982386, 30.784841142610354], [29.2488470407402, 30.753661714509768], [29.35938170870895, 30.81107100100879], [29.683102640715784, 31.053170762971682], [30.099139246550745, 31.231925569490237], [30.476056131926722, 31.31528814883594], [30.827059778777308, 31.436736665681643], [30.995955500212855, 31.468850694612307], [31.15138152560348, 31.443749986604494], [31.392270121184534, 31.44426115603809], [31.71741584262008, 31.387752138093752], [31.80812362155074, 31.178281389192385], [32.076510462371054, 31.013650499299807], [32.30937865695113, 31.08401831241016], [32.597243342009726, 30.96390112491016], [32.7687330575859, 30.95155294986133], [33.02139190158004, 31.132072053865237], [33.12956527194137, 31.051686845735354], [33.25459960421676, 31.026528917268557], [33.55760100802535, 30.967715822175784], [33.709609064665976, 30.995709978059573], [33.91696837863082, 31.070052705720705], [34.14630416354293, 31.20857962222461], [34.19527724703902, 31.238141618684573], [34.50065902194137, 31.621099077180666], [34.599135431853476, 31.817897401765627], [34.68133834323043, 32.045978151277346], [34.75850203951949, 32.30071981997852], [34.84289077242965, 32.670699678376955], [34.89496901949996, 32.66283377261524], [34.9565878244316, 32.704818330720705], [34.95908263644332, 32.79665716739063], [34.97200683077926, 32.93840750308399], [35.08897307833785, 33.069259248689455], [35.13231185397262, 33.231517396882815], [35.208388361540976, 33.33358725161914], [35.35608962496871, 33.639781557039065], [35.34855941256637, 33.74446829409961], [35.4298658700859, 33.74446829409961], [35.49185088595504, 33.83082541079883], [35.52440169772262, 33.974769197419924], [35.53208068331832, 34.11870535464649], [35.71620849093551, 34.31236990542774], [35.82100585421676, 34.34377630801563], [35.87306502780074, 34.422286592439455], [35.85191634616012, 34.49294622989063], [35.75075438937301, 34.74680670352344], [35.808852228728476, 35.013797365144534], [35.84138015231246, 35.04263266177539], [35.7964315744316, 35.27071722598438], [35.607340845671835, 35.417544923738284], [35.66395858248824, 35.45949514956836], [35.68043044528121, 35.52767141909961], [35.73317626437301, 35.58536108584766], [35.69143203219527, 35.68502005191211], [35.73950484713668, 35.690265260652346], [35.85594466647262, 35.83450277896289], [35.82905105074996, 35.884784303621096], [35.718504938689414, 36.091556154207034], [35.66494658908004, 36.133529268220705], [35.708632502165976, 36.21223410220508], [35.81413775284691, 36.29849189856277], [35.817240748015585, 36.301028810457034], [36.09526351412887, 36.48246344180469], [36.10452178439254, 36.56117209048633], [36.082430872527304, 36.621532045320315], [35.956793818083945, 36.74749334903125], [35.890875849333945, 36.7711139545], [35.67174056491012, 36.605784975007815], [35.56761458834762, 36.58741720767383], [35.506171259490195, 36.55855520816211], [35.54760268649215, 36.54018362613086], [35.49458983859176, 36.443099580720705], [35.41708281954879, 36.43260534854297], [35.38869765719527, 36.45359381289844], [35.35417846163863, 36.41423758120899], [35.220526728240195, 36.388003908113284], [35.07137206515426, 36.487708650544924], [34.86991027316207, 36.576922975496096], [34.66238311251754, 36.64777334781055], [34.48512938937301, 36.626781068757815], [34.10322097262496, 36.38032492251758], [33.95171264132613, 36.25157888980274], [33.954054865447226, 36.15975912661914], [33.89098266085738, 36.13877447696094], [33.835875544158164, 36.107295595125], [33.83369735201949, 36.07057150454883], [33.75317672213668, 36.14664038272266], [33.48169997653121, 36.05428274722461], [33.17133620699997, 35.97088202090625], [32.90411666354293, 35.976695619539065], [32.64034179171676, 36.007999025300784], [32.33497909030074, 36.128367982820315], [31.90200713595504, 36.496863923982424], [31.370690378752894, 36.712344728425784], [30.905310663787073, 36.79421576114063], [30.593590769377894, 36.76173361392383], [30.54006675204391, 36.64696081729297], [30.49665168246383, 36.37298163028125], [30.47283271273727, 36.18825491519336], [30.394862207976526, 36.118045412019534], [30.279892954436487, 36.1178050860918], [30.16613105258102, 36.18761786075], [29.661955866423792, 36.078345857576174], [29.47193244418258, 36.090694032625], [29.298188242522425, 36.17311819644336], [29.00225165804977, 36.69479712100391], [28.813527140227503, 36.53515585513477], [28.469845804778284, 36.73830755801563], [28.266922983733362, 36.7124095782793], [28.014189753142542, 36.527164064363284], [27.911902460662073, 36.69894369693164], [27.94185546359176, 36.75633963199024], [28.05103972872848, 36.8330150470293], [27.998808893767542, 36.909366212800784], [27.553477320281214, 36.91482504458789], [27.308110270110316, 36.92070730777149], [27.26863006075973, 37.04168280215625], [27.525639566985316, 37.131412111238284], [27.492524180022425, 37.23967321963672], [27.36463263949508, 37.328631959871096], [27.16040709933395, 37.36008032412891], [27.122561487761683, 37.49385031314258], [27.141085657683558, 37.64686544986133], [27.17978385409469, 37.77442892642383], [27.139773401824183, 37.88909109683399], [26.961377176848597, 37.94610556216602], [26.679331812468714, 38.104938112214846], [26.512320551482386, 38.066348634675784], [26.393214258757776, 38.10436209292774], [26.391598734465784, 38.219127260164065], [26.46871093234176, 38.44475897403125], [26.5274114938652, 38.41824301333789], [26.742451700774378, 38.27838858218555], [26.99743178805465, 38.40005835147266], [26.819674524871058, 38.52725180240039], [26.828822168914026, 38.58296164126758], [26.695696863738245, 38.640765748933596], [26.709471735564417, 38.69857367129688], [26.966380152312464, 38.76993139834766], [27.03491309603805, 38.82109793277149], [27.00422004183883, 38.88482626529102], [26.93680289706344, 38.924563966707034], [26.785336527434534, 38.94033392520313], [26.789847406951136, 39.024425111726565], [26.870751413909144, 39.05596884341602], [26.797139200774378, 39.12955816836719], [26.707943949309534, 39.18212851138477], [26.70405486544723, 39.250472627595705], [26.60224250277633, 39.25572928042774], [26.720158609954066, 39.33724936099414], [26.853512796965784, 39.46076925845508], [26.926152262297816, 39.476546846345705], [26.957518610564417, 39.54832800479297], [26.804265055266566, 39.56715353579883], [26.54617789706344, 39.51334723086719], [26.138976130095667, 39.43973883242969], [26.064057383147425, 39.45551260562305], [26.08488753756637, 39.604007326082034], [26.141903910247034, 39.66058310122852], [26.140706095305628, 39.74998053164844], [26.127575907317347, 39.878558717683596], [26.18600944003219, 39.997195802644534], [26.32033446749801, 39.99192389102344], [26.403052363005823, 40.176490388826174], [26.48171142062301, 40.18703802676563], [26.765282663909144, 40.37694128604297], [26.99647429904098, 40.371661745027346], [27.056124720183558, 40.4296947345293], [27.271754297820276, 40.450809083894534], [27.329234156218714, 40.35583456607227], [27.449610743132776, 40.30979498477344], [27.52599433383102, 40.297137819246096], [27.763894114104456, 40.28725393863086], [27.830164942351526, 40.34528311343555], [27.799843821135706, 40.40331991763477], [27.67928794345016, 40.46135290713672], [27.807831797209925, 40.50357016177539], [27.95380500277633, 40.48773916812305], [28.006459269133753, 40.450809083894534], [27.90821746310348, 40.35055502505664], [28.003991160002894, 40.36212881656055], [28.477719339934534, 40.39510305972461], [28.756440195647425, 40.37645300479297], [28.926756891814417, 40.35583456607227], [29.0524244638359, 40.33473166079883], [29.122286829558558, 40.41387137027149], [29.083527597991175, 40.45607718081836], [28.873215708342737, 40.471908174470705], [28.777958902922816, 40.524676881746096], [28.901621851531214, 40.62010534854297], [29.525197062102503, 40.68828924746875], [29.713147196379847, 40.693561159089846], [29.88271811923141, 40.746356569246096], [29.68344596346969, 40.75163611026172], [29.417172464934534, 40.741073213533205], [29.320355448332972, 40.741073213533205], [29.289643320647425, 40.806686006501955], [29.01453307589645, 40.97867163272266], [29.16120818575973, 41.21636541934375], [29.57778075656051, 41.153365694001955], [30.137623819915003, 41.13183554263477], [30.256087336150355, 41.18466528506641], [30.74480536898727, 41.04032476992969], [31.217682871428675, 41.05409201236133], [31.404126200286097, 41.16353949160938], [31.385666880217737, 41.2850414142168], [31.66638854464645, 41.394813142732424], [31.87128737887496, 41.49144323916797], [32.41898253878707, 41.74916800113086], [32.6879110666191, 41.84597357364063], [33.155463251677695, 41.94960745425586], [33.555541071501914, 41.982501588777346], [33.89665511569137, 41.95108374209766], [34.303900751677695, 41.89411886783008], [34.662909540740195, 41.87558325381641], [35.00186828097457, 42.043162904695315], [35.098830256072226, 41.80586203189258], [35.28607467135543, 41.67147787661914], [35.411437067595664, 41.626815401033205], [35.677855524626914, 41.62093313784961], [35.95779326876754, 41.685645662263674], [36.16136840304488, 41.35250052066211], [36.38289550265426, 41.23751791568164], [36.64124587496871, 41.31498297305469], [36.81701186617965, 41.289683900789065], [37.25282576998824, 41.027721010164065], [37.82184127291793, 41.00963171573047], [38.313963923064414, 40.920901857332034], [38.651183161345664, 40.92156942935352], [39.138644251433554, 41.0443187579668], [39.370177301970664, 41.06399878116016], [39.663004908171835, 41.0004955157793], [40.006712946501914, 40.95632895083789], [40.36101439913863, 40.963443361238284], [40.60989287814254, 41.028026185945315], [41.27776209668922, 41.28002979163246], [41.29311660250777, 41.28582342715625], [41.483962092009726, 41.436542116121096], [41.52111342867965, 41.46583517642383], [41.66611388644332, 41.72915228457813], [41.68046859225387, 41.793338380769534], [41.96331871664975, 41.81310359426277], [41.79914675231291, 40.39917609426979], [41.67774342306841, 38.50896132440348], [44.611657213144255, 38.00051774803545], [45.428142138749294, 38.043481986853365], [45.42814213874931, 38.04348198685338], [43.091885724812094, 35.388057050617775], [43.64602721414321, 32.47543763968794], [48.085022700126686, 29.965384543235604], [48.02827743014449, 29.973121248201174], [47.957152399626914, 29.94756468387012]]]]}, "properties": {"period_year": 200, "label": "Roman Empire"}}, {"type": "Feature", "geometry": {"type": "MultiPolygon", "coordinates": [[[[7.319223934053758, 46.820576706150206], [6.898299387388329, 46.15818418392571], [6.898299387388329, 44.50977956999665], [7.565956900943837, 43.86934030077783], [7.552810225096888, 43.867450319246096], [7.467525371397117, 43.81083423022823], [7.397118601409144, 43.76409491153125], [7.297616514769739, 43.667300783113284], [6.923080000487513, 43.44766577334766], [6.523014101592249, 43.15085180850391], [6.331224951354212, 43.11186941714649], [6.187778505889124, 43.092288576082034], [5.828570398894495, 43.020816408113284], [5.646554979888148, 43.03331717105274], [5.434490236846155, 43.103656373933596], [5.05181697329635, 43.32809790225391], [4.909845861998743, 43.366439424470705], [4.750594648925013, 43.35325964541797], [4.646513971892542, 43.320865236238284], [4.416764769164271, 43.34614523501758], [4.078196081725307, 43.48708685489063], [3.807468924132532, 43.467227540925784], [3.47871283015365, 43.31209524722461], [3.317868027297205, 43.19595297427539], [3.067900213805383, 42.944564424470705], [3.001891169158167, 42.77080877871875], [3.045898947325891, 42.53945501895313], [3.081812207516461, 42.39049936033255], [0.818772117644977, 42.71412959274603], [-0.618252461801411, 42.84782539186039], [-1.650717318681941, 43.44498068109543], [-1.561407771500403, 43.524425111726565], [-1.314379182251745, 44.558963380769534], [-1.135849919709021, 44.600101076082034], [-1.230320539864355, 44.730411134675784], [-1.331778016480261, 44.61382635684375], [-1.275514092835242, 45.12873037906055], [-1.175191727074438, 45.50050314517383], [-1.123440351876074, 45.431617341951174], [-0.900364187153631, 45.29391058535938], [-0.814226653965765, 45.12184103579883], [-0.728486028107458, 45.01864203067188], [-0.85470238009339, 45.321448884919924], [-1.13839491883164, 45.58316382022266], [-1.247395124825293, 45.688148103669924], [-1.236505594643408, 45.8000446185625], [-1.07519969025498, 46.01461752505664], [-1.165981498154455, 46.18368109317188], [-1.256056633385473, 46.30683096499805], [-1.402668443116003, 46.403934083894534], [-1.710726466568762, 46.44879110904102], [-1.942478146942908, 46.70579870791797], [-2.129660334976965, 46.85084494204883], [-2.004645553025061, 47.04250296206836], [-2.10947760620957, 47.124042116121096], [-2.263749804886633, 47.18288382144336], [-2.493711915406042, 47.24692114444141], [-2.576483931931311, 47.324866853669924], [-2.46554347554093, 47.49438437075977], [-2.613652196320349, 47.572249971345705], [-2.842474189194494, 47.49190481753711], [-3.062696423920447, 47.60393866153125], [-3.433526244553381, 47.71681173892383], [-3.7118680147255, 47.79814871402149], [-3.858102050217444, 47.79180868716602], [-3.954837766083533, 47.90433844180469], [-4.36437365094071, 47.82931097598438], [-4.390935388001257, 47.94184836001758], [-4.510127511414343, 47.99813040347461], [-4.675397363098913, 48.01689489932422], [-4.700306382569128, 48.06380423159961], [-4.312866177948766, 48.10133322329883], [-4.350984063538366, 48.204566560701174], [-4.587968316468054, 48.25149496646289], [-4.38890167752152, 48.298438631013674], [-4.350201573761755, 48.390506349519534], [-4.473793950470739, 48.382937990144534], [-4.59202143231278, 48.392318330720705], [-4.779634442719275, 48.354774080232424], [-4.761963334473425, 48.55200155825977], [-4.625704255493932, 48.546668611482424], [-4.488299336823278, 48.61226614566211], [-4.25147720852738, 48.65191229434375], [-3.998872962387854, 48.73053701968555], [-3.902217355164343, 48.64596136660938], [-3.821306434067541, 48.721149049714846], [-3.607873406800085, 48.692950807527346], [-3.557670083435827, 48.810077272371096], [-3.43505784550553, 48.83645971866016], [-3.091225352677161, 48.87155111880664], [-2.914459433945471, 48.70678671450977], [-2.790535416992956, 48.58958014102344], [-2.636378016861731, 48.55200155825977], [-2.342885461243445, 48.67414816470508], [-2.200072136315161, 48.598983369783205], [-2.075967636498266, 48.65615805240039], [-1.870566811951452, 48.711742006257815], [-1.857612696083838, 48.60836752505664], [-1.591356840523535, 48.63750036807422], [-1.456587758454138, 48.683551393464846], [-1.575547900589758, 48.76814230533008], [-1.588412251862341, 48.88095053286914], [-1.563408580216223, 49.036239229158205], [-1.579779472740942, 49.2290111407793], [-1.638999786766821, 49.219607912019534], [-1.891543593796545, 49.526351533845705], [-1.941284146698767, 49.70930441470508], [-1.524247136505896, 49.65277060122852], [-1.250969496163183, 49.69987829776172], [-1.288660493286902, 49.520972810701174], [-1.177143421562964, 49.33254965396289], [-1.023191001805121, 49.39845999331836], [-0.464948442372137, 49.35137899966602], [-0.239364930036122, 49.28548773379688], [-0.203663793000036, 49.291812501863284], [0.032870042530245, 49.33370550723438], [0.330848249999231, 49.45495565982227], [0.090372207966989, 49.51055487246875], [0.115054044333643, 49.60227545352344], [0.189372840729898, 49.681026063875], [0.528559717742151, 49.8258014545], [0.868757519332117, 49.90724905581836], [1.274518880454248, 50.00430258365039], [1.416228327361292, 50.10984381289844], [1.551989111510462, 50.22880896182422], [1.528296861258692, 50.57772787661914], [1.588920149413294, 50.821883760408205], [1.796177011925257, 50.92141446442835], [1.823555264083093, 50.93456228824024], [2.030328068343347, 51.006656251863284], [2.44259599169845, 51.04803045840625], [2.522131952849573, 51.09112127871875], [2.995262178984827, 51.313479982332034], [3.2136051984703, 51.35356863589649], [3.472019943801111, 51.31439169497852], [3.681297096816248, 51.3214183673418], [3.775046858397669, 51.38774450869922], [5.135158159771422, 52.126689920244836], [5.448322555449071, 52.048398821325414], [6.857562335998502, 51.57865222780894], [6.857562335998502, 51.34318559791618], [6.857562335998502, 50.952323436453646], [7.562182226273215, 50.48257684293717], [7.740685931809476, 49.99090874172327], [8.291855268202141, 49.94080243841484], [8.39206787481899, 49.59005831525587], [8.542386784744263, 49.389633102022174], [7.891004841734748, 48.88857006893793], [7.740685931809476, 48.43761333916211], [8.041323751660022, 48.287294429236844], [8.348581130801668, 48.20349696219821], [7.319223934053758, 46.820576706150206]]], [[[-1.555618610771948, 54.92161139102344], [-1.388892021569067, 54.68048056216602], [-1.192056861313635, 54.595355592683596], [-0.870595899018103, 54.54716833682422], [-0.604803499373251, 54.30016287417774], [-0.295500930937582, 54.03316839785938], [-0.23488095270341, 53.79938467593555], [-0.319215585085207, 53.57891424746875], [-0.318142512140932, 53.57839764138827], [-0.203663793000036, 53.52328451724414], [0.081015858260339, 53.3862262591875], [0.174518886414713, 53.29305990786914], [0.267848494855112, 53.12666281314258], [0.250867608395761, 53.04005392642383], [0.005501198974794, 52.786666475251955], [0.326831850615686, 52.707477174714846], [0.50467011651153, 52.847510896638674], [0.741839024630731, 52.901195131257815], [1.01266435107345, 52.88841589541797], [1.375926766005701, 52.809241853669924], [1.585714611617273, 52.650043092683596], [1.691691670027918, 52.311420045808596], [1.656872067061609, 52.21178396792774], [1.511889729109949, 52.02575644107227], [1.031286153403467, 51.812720857576174], [0.686218056288904, 51.56038626284961], [0.254172805157846, 51.453597627595705], [0.804253611174768, 51.37826880069141], [1.0300673576271, 51.35884817691211], [1.189365777579492, 51.40547140689258], [1.36468068083877, 51.35290487857227], [1.33496442755813, 51.12069662661914], [0.886016640273279, 50.981891237214846], [0.888346943465418, 50.89267309756641], [0.672568890658563, 50.930667482332034], [0.191810223666376, 50.73128470034961], [-0.203663793000036, 50.79532965274219], [-0.335705709251219, 50.816714845613284], [-0.839040127190405, 50.72180136294727], [-1.103359904679114, 50.816714845613284], [-1.372512188347632, 50.766273103669924], [-2.085358705910497, 50.702823244050784], [-2.023685899170691, 50.570010744050784], [-2.431994643601233, 50.64588888736133], [-2.550505128296667, 50.570010744050784], [-2.960618939789587, 50.72180136294727], [-3.110884395035559, 50.65736349673633], [-3.131739111068131, 50.655335218208585], [-3.188912504599814, 51.17873152457686], [-3.066043343933874, 51.177737794832034], [-3.033148970993811, 51.32989462466602], [-2.894663300904089, 51.39384802432422], [-2.750154700669104, 51.644027315095705], [-3.172751632126623, 51.46690710635547], [-3.290847904894552, 51.464283047650085], [-3.499117579850012, 51.45965536685352], [-4.159330811890417, 51.67681463809375], [-4.998957600983434, 51.70170172305469], [-5.178603139313513, 51.787471376375], [-5.248757806214147, 51.860213838533205], [-5.06146427670365, 52.00643499942188], [-4.619082894715124, 52.093516908601565], [-4.294657674225622, 52.200320802644534], [-4.123608317765051, 52.37326391787891], [-4.093874898346716, 52.74550970645313], [-4.147546019944006, 52.83189734073047], [-4.468318429383093, 52.81130179019336], [-4.62135025540238, 52.83098181338672], [-4.491883244904333, 52.990977846101565], [-4.317542043122106, 53.09120901675586], [-3.956724610718542, 53.205150209382815], [-3.329535689743811, 53.233016572908205], [-2.914475407990271, 53.26714285464649], [-3.056740966233069, 53.513614259675784], [-2.979541268738562, 53.82085379214649], [-2.865320411118323, 54.02827414126758], [-2.885938134583288, 54.16866644473438], [-3.261474337967688, 54.14118155093555], [-3.479265180023962, 54.274600587800784], [-3.569233384522253, 54.41502722354297], [-3.4304058221901, 54.64308127017383], [-3.152525153549963, 54.838058076814455], [-3.154622437277691, 54.83868489395123], [-1.583019061947978, 54.99010572418627], [-1.555618610771948, 54.92161139102344]]]]}, "properties": {"period_year": 300, "label": "Roman Empire (Tetrarchy)"}}, {"type": "Feature", "geometry": {"type": "MultiPolygon", "coordinates": [[[[8.500446352568812, 42.359778963044924], [8.609300646392054, 42.48734625430469], [8.87900260409469, 42.624766908601565], [9.000392946807093, 42.63458975406055], [9.018427881804651, 42.69103964419727], [9.149460825530237, 42.710670076326174], [9.23769286593551, 42.664039216951174], [9.280391726103968, 42.727855287507815], [9.270520243254847, 42.882510744050784], [9.30318931063766, 42.983192048982424], [9.367051157561487, 42.988101564363284], [9.414238962737269, 42.90952643008594], [9.432161364165491, 42.79413565249805], [9.40549472293014, 42.58059652896289], [9.458552393523401, 42.55605658145313], [9.486711535063929, 42.4063793048418], [9.452508959380335, 42.04830511660938], [9.357456240264124, 41.90121039004688], [9.304538759795374, 41.575267396882815], [9.173024210540003, 41.34990652652149], [9.038939509001917, 41.36949881167774], [9.013268503752894, 41.457679353669924], [8.828752550688929, 41.49197729678516], [8.726921114531702, 41.56056936831836], [8.854648623076624, 41.65367849917774], [8.823254618254847, 41.68797644229297], [8.626926455107874, 41.73208960147266], [8.742449793425745, 41.8815990314043], [8.692829165068812, 41.913463197664065], [8.561865839568323, 41.8815990314043], [8.537932428923792, 41.94778021426563], [8.589588198271937, 41.957591615632815], [8.66831210574264, 42.02868612857227], [8.626454386321253, 42.09734304995899], [8.510698351470179, 42.13412436099414], [8.517246279326624, 42.20770224185352], [8.628421816436, 42.26165731997852], [8.500446352568812, 42.359778963044924]]], [[[9.69800952395553, 39.69349630923633], [9.648338350859827, 39.45721396060352], [9.47892001589889, 39.14415701480274], [9.296275171843714, 39.23312338443164], [9.062541994658655, 39.21989019961719], [8.998516115752405, 39.175094209626955], [8.931367907134241, 39.05370291324024], [8.819559130278773, 38.976913057283205], [8.696099314299769, 38.99581106753711], [8.582376513091273, 39.06576880069141], [8.417174372283167, 39.212203584626955], [8.374221834746546, 39.307845674470705], [8.465033564177698, 39.639937959626955], [8.508480105010218, 39.946475587800784], [8.487975153533167, 40.20879705996875], [8.42818931063766, 40.464854799226565], [8.20155242404098, 40.66299780459766], [8.159486803618616, 40.7846752032793], [8.240707430449671, 40.85533865542774], [8.40555289706344, 40.86208304019336], [8.766072306243128, 40.8628002032793], [8.91842368563766, 40.94002493472461], [9.30620387515182, 41.18444784732227], [9.590851816741175, 40.902911745027346], [9.79373935183639, 40.56368216128711], [9.787847551909632, 40.44195517154102], [9.695723566619105, 40.31368979068164], [9.630800280181116, 40.09585531802539], [9.69800952395553, 39.69349630923633]]], [[[14.354488405791468, 45.32289084048633], [14.23862174471969, 45.062354646638674], [14.174608263579554, 45.010387025789065], [14.188512835112757, 44.94254644961719], [14.060400042144007, 44.89470251651172], [13.991256746855921, 44.783099733308596], [13.89510253390426, 44.75918158145313], [13.6720590921318, 45.050357423738284], [13.643589052764124, 45.179088197664065], [13.52689078768844, 45.45431097598438], [13.556276354399866, 45.4596019610918], [13.7490854593193, 45.49433096499805], [13.799984011260218, 45.56637152285938], [13.673180613127894, 45.71450766177539], [13.564614328948206, 45.72652395816211], [13.437729868498987, 45.638431154207034], [13.367695841399378, 45.69448813052539], [13.156165155974573, 45.72652395816211], [13.104608568755335, 45.58238562198047], [12.898650202361292, 45.55837210269336], [12.44815543612594, 45.39428671450977], [12.483212503997034, 45.46231421084766], [12.279743227568812, 45.40228994937305], [12.251417193022913, 45.29028280825977], [12.180371317473597, 45.27027853579883], [12.176189455596155, 45.21429022403125], [12.312513384429163, 45.178294740632815], [12.322136911956019, 45.0423656329668], [12.408988031951136, 44.9890094623125], [12.523090395537562, 44.88275106997852], [12.476044687834925, 44.787086091951174], [12.377765212721485, 44.73152979882409], [12.27358439883346, 44.67263754458789], [12.280731234160609, 44.55012472720508], [12.345076593962855, 44.30104025454883], [12.508117008152883, 44.131458089893975], [12.697230372039026, 43.934756837800784], [13.600871119109339, 43.53480490298633], [13.731556925383753, 43.37416037173633], [13.791634592620081, 43.12334402652149], [13.91509059390182, 42.87276419253711], [14.076401988875038, 42.6337763953921], [14.092769655791468, 42.60952719302539], [14.404933008757776, 42.35311087222461], [14.429446711442168, 42.326661124182635], [14.51930907687301, 42.22970160098438], [14.719955477324671, 42.141761384919924], [14.738527330962366, 42.047156892732424], [14.922405275908655, 41.97177084536914], [15.448605570403284, 41.856727205232424], [16.012843165007776, 41.90432318301563], [16.187411341277308, 41.84086187930469], [16.198414835540003, 41.745669923738284], [15.989146265593714, 41.634646974519534], [15.873253855315394, 41.50214346499805], [15.991044077483362, 41.40614279361133], [16.42026809176559, 41.278724275544924], [16.94596389254684, 41.093814454988284], [17.258607996763015, 40.95599425161939], [17.319272074309534, 40.92925222964649], [18.033919367400355, 40.59665258975391], [18.059941324797816, 40.513534151033205], [18.3836126657402, 40.307750307039065], [18.522648844329066, 40.09413107486133], [18.433678660002894, 39.89840658755664], [18.364918741790003, 39.746722780183596], [18.16013053378219, 39.87313421817188], [18.017067942229456, 39.947894655183596], [17.967745813933558, 40.16689261050586], [17.84960463961715, 40.24349554629688], [17.61914924105758, 40.2878375873125], [17.401650461760706, 40.29192694278125], [17.20417121371383, 40.39794119449024], [17.242802652922816, 40.49576147647266], [17.08408072909469, 40.52511175723438], [16.948712381926722, 40.481090150789065], [16.84413054904098, 40.363135896638674], [16.727564844695276, 40.183604799226565], [16.604413065520472, 40.089908204988284], [16.623852762786097, 39.96775396914844], [16.535006556121058, 39.83156546206836], [16.532101664153284, 39.697513185457034], [16.873986277190394, 39.543651185945315], [17.14906981906051, 39.42180212588672], [17.107419046965784, 39.28047140689258], [17.120997461882776, 39.08602102847461], [17.18071273287887, 39.02220877261524], [17.094689402190394, 38.915023408845705], [16.797699961272425, 38.92585714908008], [16.61332992037887, 38.82732733340625], [16.522202524748987, 38.72502478213672], [16.57200149020309, 38.45711859317188], [16.330693277922816, 38.320743165925784], [16.052943262664026, 37.93117483706836], [15.785237345305628, 37.909705720857424], [15.71022704562301, 37.94143637271289], [15.627475771514124, 38.00421103091602], [15.62657741030807, 38.23308142276172], [15.790868792144007, 38.296397767976565], [15.933466944304651, 38.53991659732227], [15.827300104705042, 38.62273367495899], [15.989846262541956, 38.73476370425586], [16.15220931491012, 38.70126684756641], [16.2122259469902, 38.77795370669727], [16.177208933440394, 38.93099173159961], [16.082562479582972, 39.01247366519336], [15.989552530852503, 39.4283519610918], [15.84651435050798, 39.62985800079746], [15.824671778289026, 39.660628877595705], [15.757021936980433, 39.93362768741016], [15.666200670806116, 40.091861329988284], [15.515924486724085, 40.06594809146289], [15.432033571807093, 39.988971315339846], [15.027263674346155, 40.212195955232424], [14.898671183196253, 40.241458497957034], [14.992320093718714, 40.37221869082813], [14.951005014983362, 40.55147894473438], [14.743317637053675, 40.70481451602344], [14.334127459136194, 40.593604646638674], [14.34976962527389, 40.64252432437305], [14.494590792266077, 40.72996100039844], [14.370310816374964, 40.85147055240039], [14.239995989409632, 40.852943025544924], [14.050873789397425, 40.76751288028125], [13.941878351775355, 40.99803503604297], [13.852500948516077, 41.09095724673633], [13.797006640044398, 41.19344671817188], [13.760507236170445, 41.20669841632788], [13.49839023074264, 41.301864229158205], [13.329107257915082, 41.31109494864743], [13.271446261016077, 41.31423910708789], [12.976777109709925, 41.371375642732424], [12.641516718474573, 41.53109701724414], [12.394848856536097, 41.72954901309375], [11.963433298674769, 42.00474127383594], [11.960132972376561, 42.00737273955097], [11.497365030852503, 42.376353822664065], [11.104763063994593, 42.549083314851565], [10.742755922881312, 42.850509248689455], [10.487745318022913, 43.235938631013674], [10.337910145884006, 43.596202827939074], [10.292479548064417, 43.70543631167774], [10.261382708001236, 43.74523947476491], [10.155236147769651, 43.88110436777192], [10.136747393218226, 43.904769502595705], [9.909300837126917, 44.110477052644534], [9.82549804898012, 44.152548314253266], [9.691935572234339, 44.219600282625], [9.1570444436943, 44.37323721499805], [8.896585497466273, 44.43718679995899], [8.671724352446741, 44.417403779939455], [8.342789137617475, 44.22018781295507], [8.186360392180628, 44.12639959903125], [8.089567661878142, 44.05082949636362], [8.048067028406173, 44.01842822901174], [7.979526552764124, 43.964915834382815], [7.689120325652309, 43.88704641909961], [7.565956900943837, 43.86934030077783], [6.898299387388329, 44.50977956999665], [6.898299387388329, 46.15818418392571], [7.319223934053758, 46.820576706150206], [8.348581130801668, 48.20349696219821], [8.592493088052686, 48.13697551931157], [10.696957827006502, 48.68814485570423], [11.448552376632863, 48.738251159012655], [12.200146926259228, 49.139101585480056], [12.75352162757752, 48.93294238302814], [14.755568394988861, 48.187081822619994], [14.883128867360053, 48.23172798794991], [14.883128867360053, 46.145946600309784], [14.608417479874914, 45.21196927140015], [14.524585756865687, 45.26628454776172], [14.354488405791468, 45.32289084048633]]], [[[13.809530291167444, 37.966415010408205], [14.134472879973597, 37.973453126863284], [14.765865358916468, 38.0576129779375], [15.386741671172327, 38.20554693789844], [15.453687700835413, 38.16741522403125], [15.472892794219202, 38.110057435945315], [15.42252353152389, 38.05257376284961], [15.181032213774866, 37.68228109927539], [15.1121807428276, 37.45903357119922], [15.116248163787073, 37.286944948152346], [15.301346811858362, 37.057899080232424], [15.220631632415003, 37.000377260164065], [15.027343782988734, 36.74511679263477], [14.942398104277796, 36.738563142732424], [14.622022661772913, 36.776141725496096], [14.215912851897425, 37.0493236407793], [13.868404421416468, 37.15695150943164], [13.011567148772425, 37.52489431949024], [12.63687900027389, 37.581500612214846], [12.532035860625452, 37.63867148013477], [12.454147371855921, 37.766009889558596], [12.516644510832972, 37.91916998477344], [12.664325747100062, 38.07249792666797], [12.782839808074183, 38.11737783999805], [13.065952334014124, 38.066932283357424], [13.322475466338343, 38.22051199527149], [13.627963099089808, 38.02980764956836], [13.809530291167444, 37.966415010408205]]], [[[0.818772117644977, 42.71412959274603], [3.081812207516461, 42.39049936033255], [3.087081465331262, 42.36864431949024], [3.086528334227747, 42.329112611726565], [3.08628610095138, 42.1207233295], [3.156553778258508, 42.075721345857424], [3.128878864852136, 41.85722693057422], [2.628259214965051, 41.61954077334766], [2.200590166655725, 41.44614752383594], [2.080724749175256, 41.29848822207813], [2.065487708318266, 41.295597639403624], [1.609828624335474, 41.20915564151172], [1.442095519242574, 41.17999861920224], [1.311244878379053, 41.15725287051563], [0.879201922026819, 41.0217357501543], [0.733751806822962, 40.87495382876758], [0.709782037345117, 40.78514822574024], [0.82712546309585, 40.7274242267168], [0.787556442824548, 40.65688665957813], [0.505141589251703, 40.592757783845705], [0.237927589026636, 40.24019964785938], [-0.160625037344748, 39.886024080232424], [-0.203663793000036, 39.79943808169727], [-0.284515861960703, 39.63677176089649], [-0.394848432930762, 39.434459291414065], [-0.235902842673117, 39.06240423770313], [-0.203663793000036, 39.012652955964846], [-0.165695284100825, 38.95406302066211], [0.12611598095054, 38.821353517488284], [0.172570082751459, 38.738345704988284], [-0.107004006000811, 38.59149893374805], [-0.203663793000036, 38.54402884097461], [-0.43515532890206, 38.43033941836719], [-0.564126816185766, 38.21486624331836], [-0.664728876742178, 38.17657431216602], [-0.872343566807562, 37.75979956241016], [-0.802563574703985, 37.61500509829883], [-0.918272283467108, 37.57034262271289], [-1.364567962082678, 37.54839285464649], [-1.625712480934912, 37.439490877107424], [-1.816879835518652, 37.2924762591875], [-1.940475192459875, 36.95159872622852], [-2.238797393235022, 36.728396974519534], [-2.355097499283606, 36.82405050845508], [-2.624331441315466, 36.811297975496096], [-2.761496749314123, 36.69013937564258], [-2.915331569107825, 36.69013937564258], [-2.969792333039099, 36.74114950747852], [-4.446585622223669, 36.72201880069141], [-4.757303681763464, 36.48610647769336], [-5.216736283692175, 36.40959509463672], [-5.374227490814977, 36.23747595401172], [-5.38674971142655, 36.10998495669727], [-5.424260106476599, 36.07174261660938], [-5.457090821656042, 36.16735800357227], [-5.487933125885778, 36.173724733308596], [-5.485486474427038, 36.06536825747852], [-5.660587277802282, 36.008006654695315], [-5.850014176758581, 36.07174261660938], [-6.204461064728552, 36.28209646792774], [-6.304971661957556, 36.45422323794727], [-6.288880792053991, 36.57217749209766], [-6.444025006684119, 36.62318380923633], [-6.500485864075475, 36.718829713777346], [-6.421713319214636, 36.79216345401172], [-6.632153954895788, 37.02175100894336], [-6.947954621704869, 37.14931448550586], [-7.010098424347691, 37.165259920076174], [-7.227823701294714, 37.22585638614063], [-7.491503682526403, 37.20815619082813], [-7.603436437043005, 37.16297873111133], [-7.836042371186071, 37.03225287051563], [-8.033637967499548, 37.00878866763477], [-8.280239072235876, 37.088580690339846], [-8.541073766144567, 37.088580690339846], [-8.667059865387731, 37.12144049258594], [-8.990849461945349, 36.990008912996096], [-9.016643491181188, 37.069800935701174], [-8.841511693390661, 37.52514608950977], [-8.848719534846378, 37.81676788621598], [-8.851028409394079, 37.91018255801563], [-8.93278595486527, 37.96184118838672], [-8.822993245514684, 38.206073366121096], [-8.847303357514196, 38.384566865876955], [-8.788920369538122, 38.43598135562305], [-8.853651967438513, 38.4996410235918], [-9.022322621735388, 38.46102102847461], [-9.236570325287634, 38.41744955630664], [-9.2851581243599, 38.61946829409961], [-9.069152799042516, 38.64295919986133], [-8.941892590912634, 38.74191626162891], [-8.960826840790563, 38.81846197696094], [-9.040849652680212, 38.92018087954883], [-9.175754514130407, 38.73223074527149], [-9.361637082489782, 38.671145997957034], [-9.522397008332067, 38.6899371966875], [-9.54900738278275, 38.77451666446094], [-9.459762540253454, 38.95307882876758], [-9.3977069524849, 39.23036154361133], [-9.415269818695837, 39.366675935701174], [-9.299269643219763, 39.417735658601565], [-9.117922749909216, 39.64403494449024], [-8.915585484894567, 40.13814886660938], [-8.969669309052282, 40.19001730533008], [-8.69406982937699, 40.992171846345705], [-8.851777997406774, 41.40782888980274], [-8.854754414948278, 41.59685095401172], [-8.920735326203161, 41.76702078433399], [-8.806055035980993, 41.889178834871096], [-8.86048599758988, 42.0145336017168], [-8.798570599945837, 42.194530092195315], [-8.644062962921911, 42.419749818757815], [-8.805045094879919, 42.63155706973438], [-8.94172379055863, 42.824195466951174], [-9.173123326691442, 42.85590323062305], [-9.24685951748734, 42.900775514558596], [-9.270803418549352, 43.048690401033205], [-9.197466817292028, 43.158214174226565], [-9.013589826020056, 43.28085669131641], [-8.849216428192907, 43.326243959382815], [-8.595722165497595, 43.339618287996096], [-8.31041332760697, 43.35304983706836], [-8.25069710293656, 43.4304271564043], [-8.22022434750443, 43.61720999331836], [-7.979528870972448, 43.740054689363284], [-7.636274781616979, 43.721412263826174], [-7.151302304657751, 43.554942689851565], [-6.807975736054234, 43.523421846345705], [-6.467573609741979, 43.56272467227344], [-6.208046403321081, 43.640521608308596], [-5.979656186493688, 43.70537909121875], [-5.820451226624304, 43.70568808169727], [-5.537417855652624, 43.57745321841602], [-5.224896397980505, 43.507247529939455], [-4.802335706147009, 43.46944388003711], [-4.110216107758337, 43.45151098819141], [-3.847605910691077, 43.43916281314258], [-3.417000499161536, 43.37565191836719], [-3.195965257080847, 43.446883760408205], [-3.007205691727453, 43.55027350039844], [-2.768362489136511, 43.53787573428516], [-2.367384400757605, 43.326243959382815], [-2.142923348652433, 43.33147102864046], [-2.065644708069617, 43.333270631746096], [-1.914577808769995, 43.3054157123125], [-1.746070232781225, 43.36016043277149], [-1.650717318681941, 43.44498068109543], [-0.618252461801411, 42.84782539186039], [0.818772117644977, 42.71412959274603]]], [[[19.351007085520557, 29.406573618704698], [18.6118112566288, 29.406573618704698], [14.453834719112688, 31.162163712322617], [9.833860788539226, 32.91775380594053], [8.63266756659013, 34.02654754927816], [7.985871216309846, 35.50493920706167], [-8.640263524445349, 33.12173422427539], [-8.31441494503861, 33.33848150821094], [-7.902406182678991, 33.48548849673633], [-7.332620587738806, 33.69637259097461], [-7.004007783325964, 33.874984346345705], [-6.752974477204138, 34.12335165591602], [-6.511472192200475, 34.45429953189258], [-6.472049931118064, 34.530940244894], [-6.32767397652496, 34.81162115452381], [-6.302049127014929, 34.86143835635547], [-5.928758588227087, 35.72785910220508], [-5.807887044342809, 35.78541525454883], [-5.565000024231725, 35.862342439607424], [-5.479359116944128, 35.80520590396289], [-5.171789613159948, 35.42376288028125], [-5.10963150540238, 35.37931402774219], [-4.592977490814977, 35.151187501863284], [-4.29535099545365, 35.15178640933399], [-4.027887788208776, 35.13323553653125], [-3.440804210099036, 35.166278444246096], [-3.205772366913611, 35.26860769839649], [-3.009028163346106, 35.38997992129688], [-2.829877105149084, 35.14205893130664], [-2.714807000550085, 35.09774359317188], [-2.355662789734656, 35.05391653628711], [-2.325944383332021, 35.053977160631526], [-2.192973938378149, 35.05424841494922], [-2.035251822861487, 35.054568849519534], [-1.738327947052771, 35.11883123965625], [-1.495096531304175, 35.23390158267383], [-1.329105701836401, 35.48890646548633], [-1.146667149456793, 35.62936743350391], [-0.917491999062353, 35.66803701968555], [-0.734306838902289, 35.73846014590625], [-0.428770822080427, 35.86006888003711], [-0.282988813313299, 35.75847586245899], [-0.203663793000036, 35.75072058291797], [-0.091654170843416, 35.73976858706836], [0.015310812202638, 35.803668580964846], [0.198671731558985, 36.033309541658205], [0.474390897360986, 36.22496374698047], [0.781242343989557, 36.38485296817188], [1.057602915373987, 36.461856447175784], [1.579693111983484, 36.51388891787891], [2.293774160948938, 36.54082449527149], [2.524363550749964, 36.57315023990039], [2.809869083968347, 36.71390112491016], [3.070006403533167, 36.61885794253711], [3.323837790099329, 36.65123327823047], [3.586873087493128, 36.79195364566211], [3.741224560347742, 36.83686789126758], [4.163919005004114, 36.83135183902149], [4.394624266234583, 36.83819159121875], [4.532551798430628, 36.8129840716875], [4.632117304412073, 36.79406698794727], [4.777191671935266, 36.743384920076174], [5.144465002623743, 36.66767843814258], [5.382732424346155, 36.67453344912891], [5.730162176696009, 36.7517047748125], [6.047393831816859, 36.841556154207034], [6.322870287505335, 37.090648256257815], [6.770537409392542, 36.86214789004688], [6.923042807189174, 36.81784018130664], [7.063241037932581, 36.881854616121096], [7.204853090850062, 36.99046667666797], [7.306981119719691, 37.06078299136524], [7.544922861663049, 37.04214438052539], [7.719043287841028, 36.95327719302539], [7.79204085787887, 36.83235891909961], [7.913174662200159, 36.77524908633594], [8.145014795867151, 36.813949190095705], [8.63670924624557, 36.885257326082034], [8.865518602935023, 36.96835287661914], [9.15028003176803, 37.17287405581836], [9.416118654814905, 37.27537878604297], [9.73219970187301, 37.28239782901172], [10.021354708281702, 37.20013388247852], [10.132734331694788, 37.104747377351565], [10.158871683684534, 36.99647482486133], [10.271508249846644, 36.754554353669924], [10.392797503081507, 36.716571412996096], [10.580582651702112, 36.79342230410938], [10.843251261321253, 36.99148901553516], [11.02375701388473, 37.06832464785938], [11.039403948394007, 36.90904577823047], [10.920062098113245, 36.6539378985918], [10.633412394133753, 36.424014650300784], [10.509244951811976, 36.21355398745899], [10.511460337248987, 36.08616980166797], [10.602607760039515, 35.88894613833789], [10.830826792327112, 35.679278932527346], [10.988951716033167, 35.622298799470705], [11.125108751860804, 35.2406078204668], [11.082800898162073, 35.14503439517383], [10.839357409087366, 34.8011546954668], [10.574025187102503, 34.648109041169924], [10.11642173251266, 34.234168611482424], [10.019480738249964, 34.08147390933399], [10.148656878081507, 33.87839850039844], [10.412600550261683, 33.63112600894336], [10.650217089263148, 33.49818380923633], [10.778140101042933, 33.473033510164065], [10.956539187041468, 33.575057588533205], [11.099118265715784, 33.53722723575], [11.208920511809534, 33.25152166934375], [11.470686945525355, 33.14409216494922], [12.117019686309046, 32.87850149722461], [12.56475642642135, 32.73963888736133], [12.79886344393844, 32.733768068269534], [13.187125238982386, 32.791759096101565], [13.458779368010706, 32.77960928531055], [14.157023462859339, 32.67937811465625], [14.433427843657679, 32.46390875430469], [14.790810618010706, 32.362994752839846], [15.009786638823694, 32.363441072419924], [15.163704905120081, 32.27480658145313], [15.241435083953089, 32.17330130191211], [15.358129534331507, 31.805022798494143], [15.53340819796676, 31.55121573062305], [15.843325647917933, 31.285003267244143], [16.013379129973597, 31.22817000003223], [16.31838706454391, 31.165261827424807], [16.78251937350387, 31.128097139314455], [16.983780893889612, 31.09674223513965], [17.421629938689417, 30.99598654361133], [17.70897963961715, 30.894923768953127], [17.957158121672816, 30.768363557771487], [18.537213358489222, 30.41374548526172], [18.608251734640834, 30.374469834132547], [18.88543416831375, 30.221221390772325], [18.91502669772262, 30.204860292390627], [19.12453940829391, 30.198943696931643], [19.234845412701418, 30.23098585418479], [19.48218893697831, 29.44405414769263], [19.351007085520557, 29.406573618704698]]]]}, "properties": {"period_year": 300, "label": "Roman Empire (Tetrarchy)"}}, {"type": "Feature", "geometry": {"type": "MultiPolygon", "coordinates": [[[[23.139385708590794, 43.91329176070537], [25.264573716654585, 43.8208922820939], [26.835364853049565, 44.19049019653978], [28.036558074998663, 44.375289153762715], [27.944158596387194, 44.92968602543153], [28.2213570322216, 45.48408289710034], [29.615916285124964, 45.41020544619922], [29.683211359587855, 45.37478979678516], [29.710764917937464, 45.25833471866016], [29.578961405364222, 45.0575023517168], [29.457522425261683, 44.91514929385547], [29.261582407561487, 44.895423494294924], [29.08974936923141, 44.87573202700977], [28.918236765471644, 44.765750490144534], [28.686247858611292, 44.48805197329883], [28.57311347445602, 44.19782217593555], [28.529885325041956, 43.84347113223438], [28.51010611971969, 43.74307592959766], [28.48053840121383, 43.59228476138477], [28.44569304904098, 43.476363740876955], [28.328095469084925, 43.43752630801563], [28.187058481780237, 43.450118623689455], [28.034638437834925, 43.39190252871875], [27.887320551482386, 43.06352575869922], [27.86990836581344, 42.799876771882815], [27.836163553801722, 42.73552282901172], [27.654044184294886, 42.68373831363086], [27.501950296965784, 42.51634558291797], [27.494702372161097, 42.40090139956836], [27.60787108859176, 42.41677816958789], [27.722533259001917, 42.31621512027149], [27.737710032073206, 42.24700125308399], [27.913407358733362, 42.078101716951174], [27.917952570525355, 41.977672182039065], [28.026202234831995, 41.88238485904102], [28.018178019133753, 41.75320776553516], [28.06983855685348, 41.62496908755664], [28.10439780673141, 41.59297140689258], [28.371457132903284, 41.43312796206836], [28.74022201022262, 41.32482870669727], [29.012368235198206, 41.254832826570315], [29.081099543181605, 41.200511537507815], [28.964453730193323, 40.98923834414844], [28.82780745944137, 40.91469915957813], [28.596150431243128, 40.94698675723438], [28.17331412753219, 41.05789526553516], [28.02636817416305, 41.02620657534961], [27.93218329867477, 40.95754965396289], [27.47416976412887, 40.962833009675784], [27.313046488372034, 40.789912782625], [27.263756785002894, 40.66717108340625], [26.888926539031214, 40.524676881746096], [26.613572153655237, 40.39804037661914], [26.513939890471644, 40.28197439761524], [26.37586310824508, 40.21340902896289], [26.255158457366175, 40.081561647371096], [26.140885386077112, 40.044654451326174], [26.2142896982109, 40.16066702456836], [26.222796473113245, 40.223956666902346], [26.194821390715784, 40.30307348819141], [26.457545313445276, 40.434974275544924], [26.556477579680628, 40.49829062075977], [26.454838785735316, 40.584308229402346], [26.418061289397425, 40.577823244050784], [26.124041590300745, 40.602847658113284], [26.020724329558558, 40.669322572664065], [25.992875132170862, 40.85245855899219], [25.635705027190394, 40.87737616153125], [25.30111411532516, 40.89594229312305], [25.046317133513636, 40.952273927644534], [25.01892951449508, 41.01714666934375], [24.812115702239222, 40.933421693757815], [24.70066359957809, 40.878341279939455], [24.519127878752894, 40.873065553621096], [24.50495246371383, 40.98406942935352], [24.35430243929977, 40.97096212954883], [24.219058069792933, 40.82968481631641], [24.02515510043258, 40.74636038394336], [23.88595298251266, 40.732894502595705], [23.748394999114222, 40.80443152041797], [23.63469794711227, 40.77275427432422], [23.632977518645472, 40.71316870303516], [23.709055933562464, 40.63003500552539], [23.785174402800745, 40.477191530183596], [23.923703226653284, 40.450809083894534], [24.295352015105433, 40.176490388826174], [24.22063544711227, 40.144847475007815], [24.054778132048792, 40.260882936433596], [24.04777816256637, 40.3083568439043], [23.923533472624964, 40.34528311343555], [23.77477363070602, 40.392764650300784], [23.72216895541305, 40.348243318513674], [23.627234491912073, 40.34528311343555], [23.65880111178512, 40.28726156802539], [23.651745829192347, 40.22922857852344], [23.80366424044723, 40.15539129825], [23.86865905245895, 40.16067465396289], [23.920109781829066, 40.05519827456836], [23.90661719760055, 39.997195802644534], [23.796032938567347, 39.986651979402346], [23.59577277621383, 40.19231756778125], [23.442486795989222, 40.25560721011524], [23.349078211394495, 40.2819782123125], [23.291760477629847, 40.28726156802539], [23.29313949069137, 40.24505575747852], [23.259058985320276, 40.22922857852344], [23.321034464446253, 40.15539129825], [23.366839441863245, 40.107928834871096], [23.436467203704066, 40.044654451326174], [23.523348841277308, 40.018287263826174], [23.59218505343551, 40.00246389956836], [23.63858512362594, 39.96034201236133], [23.59689048251266, 39.93405493350391], [23.374392542449183, 39.955089174226565], [23.26052573641891, 39.970870576814455], [23.276309046355433, 40.04992254825], [23.2147779794609, 40.181766115144534], [23.14114097079391, 40.26615484805469], [22.960160288420862, 40.314708314851565], [22.74805549105758, 40.482467256501955], [22.863902124968714, 40.535228334382815], [22.87546256503219, 40.596324525789065], [22.851946863738245, 40.65133627505664], [22.76996711215133, 40.66717108340625], [22.70125487765426, 40.57744940371875], [22.49206641635055, 40.49829062075977], [22.602265390959925, 40.39723929019336], [22.48961738070602, 40.23052557559375], [22.467362436858362, 40.118480287507815], [22.525612864104456, 40.064166627839846], [22.55512908419723, 39.986651979402346], [22.695097956267542, 39.834483705476565], [22.754473719206995, 39.81834753604297], [22.813431772795862, 39.602740846589846], [23.074168238249964, 39.41345175357227], [23.23608497103805, 39.20315893741016], [23.158499750701136, 39.140079103425784], [23.051917109099573, 39.10328634829883], [23.09980681857223, 39.1873851642168], [23.045252832976526, 39.27149923892383], [22.981301340666956, 39.329330049470705], [22.91898635348434, 39.345103822664065], [22.850853952971644, 39.36613043399219], [22.720257792082972, 39.287269197419924], [22.7660589548027, 39.20278891177539], [22.834883722869105, 39.16636236758594], [22.871062311736292, 39.02434881778125], [22.784213099089808, 38.94033392520313], [22.490498575774378, 38.87685354800586], [22.602313074675745, 38.856238923982424], [22.72328856906051, 38.793170534089846], [22.899373087493128, 38.766891084626955], [22.984231028166956, 38.66704138369922], [23.09980109652633, 38.67229803653125], [23.169491800872034, 38.66704138369922], [23.190995249358362, 38.61034353824024], [23.356156382170862, 38.48950155825977], [23.49384406527633, 38.483131013826174], [23.55576613864059, 38.351764284089846], [23.682751688567347, 38.34651144595508], [23.80394843539352, 38.34651144595508], [23.960743937102503, 38.20991476626758], [23.966990503874964, 38.15213354678516], [23.880024942961878, 38.11535605044727], [23.98729995211715, 37.76342733950977], [23.918181452361292, 37.684642396882815], [23.835513147917933, 37.684642396882815], [23.73368361910934, 37.85785635562305], [23.63414863070602, 37.878978334382815], [23.540715250579066, 38.004100404695315], [23.49570182284469, 38.06807669253711], [23.4192571969902, 38.06807669253711], [23.19584182223434, 38.00503882022266], [22.980614695159144, 37.957767091707034], [22.898057016936487, 37.89998968692188], [23.039967569915003, 37.85796698184375], [23.045392069426722, 37.773578248933596], [23.048874888030237, 37.64263113589649], [23.151383432952112, 37.59012182803516], [23.22054770907516, 37.601825319246096], [23.321707758513636, 37.63738211245899], [23.312159571257776, 37.548106752351565], [23.418124231902308, 37.46934088321094], [23.184979471770472, 37.42733343692188], [23.18579200228805, 37.374827943757815], [23.1095648141777, 37.34664114566211], [22.970976862517542, 37.38532217593555], [23.025345835295862, 37.479842744783205], [22.942069086638636, 37.518390260652346], [22.713290247527308, 37.543433748201174], [22.642317804900355, 37.58486517520313], [22.638745340911097, 37.492286287263674], [22.726239237395472, 37.28850897403125], [22.81334975680465, 37.212054811433596], [22.793108973113245, 37.1385570392168], [22.886887583342737, 37.04668005557422], [22.98255256137008, 36.6147533282793], [22.673554453459925, 36.754283510164065], [22.524447474089808, 36.722125612214846], [22.390296015349573, 36.524371705964846], [22.19140723666305, 36.855235658601565], [21.98417190035934, 37.02048071475391], [21.780915293303675, 36.82254370303516], [21.588168177214808, 36.9814411029375], [21.531443628874964, 37.11514624209766], [21.62650016268844, 37.30651815982227], [21.613707575408167, 37.41484793277149], [21.51731399020309, 37.53575857730274], [21.29634765109176, 37.72654303164844], [21.2211313577568, 37.82839544864063], [21.228430780974573, 37.90490683169727], [21.44045165499801, 38.179515443757815], [21.71449950656051, 38.135440431550784], [21.905766520110316, 38.26973684878711], [21.996687922087855, 38.25078161807422], [22.74721435031051, 37.95260580630664], [22.89865592440719, 37.9975543841875], [23.116345438567347, 38.157394014314455], [22.996743235198206, 38.17934378238086], [22.87563804110641, 38.204600892976565], [22.33374122103805, 38.426707826570315], [21.8264723153984, 38.46395834536914], [21.661257776824183, 38.43810995669727], [21.36445525607223, 38.412005983308596], [21.17240432223434, 38.34783896060352], [20.77183059176559, 38.85093268008594], [20.892598185149378, 38.895831666902346], [21.006508860198206, 38.87054403872852], [21.104685816374964, 38.92177542300586], [21.159516367522425, 39.004825197175784], [21.007184061614222, 39.112987123445315], [20.901148829070276, 39.06173285098438], [20.677752527800745, 39.08042486758594], [20.211808237639612, 39.404925905183596], [20.1223821969902, 39.551009736970705], [20.09082892855758, 39.60253103824024], [20.02855971774215, 39.81378134341602], [19.803648981658167, 40.016963563875], [19.36906722506637, 40.26028021426563], [19.380225214568323, 40.32358130069141], [19.48371222933883, 40.29589041324024], [19.494483027068323, 40.4027171954668], [19.339222941008753, 40.58873709292774], [19.527255091277308, 40.865890108064455], [19.445403132048792, 40.96489676089649], [19.529950174895472, 41.21844442935352], [19.416991266814417, 41.345252595857424], [19.49891570529098, 41.52362021060352], [19.619383844939417, 41.559302888826174], [19.606965097991175, 41.761539064363284], [19.45788672885055, 41.79808386416797], [19.367713007537073, 41.84637030215625], [19.338465723601526, 41.86202200503711], [19.143036875334925, 41.93209036441211], [19.135544809905237, 41.99954184146289], [18.90989974459762, 42.217792116121096], [18.843149619713987, 42.24141953915808], [18.528643641081995, 42.35274466128711], [18.513588938323206, 42.362140260652346], [18.24871161898727, 42.52743872256641], [18.001368555632776, 42.69445761294727], [17.646380457488245, 42.864600740388674], [17.595679316130823, 42.888900361970705], [17.54798034152145, 42.92011984439258], [17.304074229691235, 43.07620747861257], [17.07508758029098, 43.22274740786914], [16.99226287325973, 43.32271536441211], [16.639813456145472, 43.38973578067188], [16.54851058444137, 43.461314760164065], [16.36674788912887, 43.51302298159961], [16.059407267180628, 43.4334789142168], [15.912835154143519, 43.65224798770313], [15.494369067245357, 43.88844455774298], [15.412318262664026, 43.934756837800784], [15.149468454924769, 44.23992880435352], [15.274405512419886, 44.23661383242969], [15.548222574797816, 44.229346834138674], [15.285944017974085, 44.32891806216602], [14.989106211272425, 44.54002722354297], [14.906961474028773, 44.72332342715625], [14.945532831755823, 44.92658957095508], [14.815391573516077, 45.07786902041797], [14.608417479874914, 45.21196927140015], [14.883128867360053, 46.145946600309784], [14.883128867360053, 48.23172798794991], [15.757694461157344, 48.53782594577896], [17.060458347176368, 48.086869216003144], [18.914391569588066, 47.836337699461026], [18.86428526627964, 45.581554050581936], [19.065554967771348, 45.53510719639154], [20.16704915229867, 45.28091623073139], [20.385843565250656, 44.797594038362774], [20.921798221915534, 44.65248758959712], [21.19899665774994, 44.92968602543153], [22.954586751367856, 44.65248758959712], [23.139385708590794, 43.91329176070537]]], [[[25.371035425319583, 36.49661778527289], [25.49267102409852, 36.42324665835019], [25.49267102409852, 36.331435169041356], [25.386239875166947, 36.319185450416924], [25.317819850853795, 36.39877419215787], [25.333024300701165, 36.45994089964729], [25.371035425319583, 36.49661778527289]]], [[[24.679232957264375, 36.75896029963509], [24.466370659401235, 36.649251177336765], [24.299121711080193, 36.75286945753905], [24.428359534782814, 36.79549519508755], [24.588006258180172, 36.86851272864293], [24.679232957264375, 36.75896029963509]]], [[[24.876890805280148, 36.679741640978875], [24.975719729288034, 36.637051610171376], [24.945310829593303, 36.56991946228899], [24.823675230814363, 36.637051610171376], [24.823675230814363, 36.661448812220584], [24.876890805280148, 36.679741640978875]]], [[[25.165775352380123, 36.74068632260297], [25.196184252074858, 36.673644514576154], [25.104957552990655, 36.637051610171376], [25.059344203448553, 36.618748636935905], [25.044139753601186, 36.661448812220584], [25.165775352380123, 36.74068632260297]]], [[[25.386239875166947, 36.637051610171376], [25.264604276388013, 36.704125314038706], [25.24179760161696, 36.75286945753905], [25.249399826540643, 36.75896029963509], [25.295013176082744, 36.807669623462985], [25.431853224709048, 36.6980301207178], [25.386239875166947, 36.637051610171376]]], [[[24.428359534782814, 37.20833853996449], [24.534790683714387, 37.11746294371295], [24.443563984630185, 37.0992747162255], [24.428359534782814, 37.20833853996449]]], [[[24.299121711080193, 37.66107502189996], [24.397950635088083, 37.667092994189616], [24.382746185240713, 37.570746906161986], [24.26111058646178, 37.540613155635555], [24.299121711080193, 37.66107502189996]]], [[[24.359939510469665, 37.39580161737422], [24.397950635088083, 37.46824245164144], [24.489177334172286, 37.39580161737422], [24.359939510469665, 37.30515202694268], [24.359939510469665, 37.39580161737422]]], [[[25.044139753601186, 37.377680456560746], [24.846481905585414, 37.36559724964213], [24.86168635543278, 37.52855624381453], [24.945310829593303, 37.51046722146939], [25.044139753601186, 37.377680456560746]]], [[[24.92250415482225, 37.69116000393879], [24.656426282493324, 37.901413077728705], [24.762857431424894, 38.003319956303606], [25.272206501311693, 37.56472113091166], [25.46986434932747, 37.43806729073237], [25.317819850853795, 37.40184103098311], [24.92250415482225, 37.69116000393879]]], [[[24.64882405756964, 37.014338584785854], [24.717244081882793, 37.050751425742014], [24.785664106195945, 36.947536378182036], [24.679232957264375, 36.90499535372954], [24.64882405756964, 37.014338584785854]]], [[[25.11255977791434, 36.94146054239683], [24.937708604669616, 36.95968659606273], [25.150570902532756, 37.17200141281893], [25.310217625930115, 37.19622810717101], [25.310217625930115, 37.00219709179456], [25.11255977791434, 36.94146054239683]]], [[[25.606704397953774, 37.12352471549815], [25.59910217303009, 37.026478138264174], [25.5458865985643, 36.95968659606273], [25.4546598994801, 36.9232301280182], [25.363433200395896, 37.00826808071462], [25.340626525624845, 37.087146804747654], [25.378637650243267, 37.11746294371295], [25.53828437364062, 37.220447029530426], [25.606704397953774, 37.12352471549815]]], [[[24.025441613827585, 38.38569989188942], [23.66053481749077, 38.40357465937644], [23.599717018101305, 38.45717244335585], [23.637728142719723, 38.52262680680808], [23.462876969474998, 38.62366656002873], [23.120776847909237, 38.86676557896794], [22.86990342542768, 38.83716368115139], [23.01434569897767, 38.961408842619434], [23.242412446688178, 39.04411813294447], [23.409661395009216, 38.943672845059965], [23.789772641193395, 38.71863293758614], [24.13187276275916, 38.65335708482884], [24.20789501199599, 38.5523591317064], [24.29151948615651, 38.19476089687233], [24.588006258180172, 38.15292605377605], [24.5271884587907, 37.967368965721576], [24.314326160927564, 37.98534666287396], [24.192690562148627, 38.15292605377605], [24.025441613827585, 38.38569989188942]]], [[[25.013600382415003, 35.36247976870899], [25.10009101351852, 35.34674795718555], [25.37401870211715, 35.31790503116016], [25.511635813323206, 35.29476507754688], [25.673207316008753, 35.349368654207034], [25.713534388152308, 35.327010713533205], [25.668467554656214, 35.18682058902149], [25.741803202239222, 35.13700445742969], [25.788973841277308, 35.13700445742969], [25.9354925485527, 35.21303518863086], [26.064152750579066, 35.23924978824024], [26.09935286959762, 35.215648256257815], [26.168826136199183, 35.247108064607424], [26.273509058562464, 35.312659822419924], [26.23604491671676, 35.228763185457034], [26.242667231169886, 35.144874177888674], [26.160485300627894, 35.02428396792774], [25.898680719939417, 35.04525717349414], [25.741736445037073, 35.008853517488284], [25.590724024382776, 35.01641806216602], [24.693467173186487, 34.94047125430469], [24.7156381936943, 35.03477057071094], [24.690066370574183, 35.09244116397266], [24.324357065764612, 35.20778997989063], [24.01319793185348, 35.21041449160938], [23.785594019499964, 35.26285132022266], [23.56772330721969, 35.254981599763674], [23.513134989348597, 35.275958620027346], [23.46688559970016, 35.31790503116016], [23.529439005461878, 35.569625459626955], [23.671465906706995, 35.572249971345705], [23.669087442961878, 35.611583314851565], [23.665133509246058, 35.66665609927539], [23.69665626010055, 35.698123537019534], [23.73367789706344, 35.62731894107227], [23.742875132170862, 35.56175955386524], [23.879452738372034, 35.55241736026172], [23.956812891570276, 35.52767141909961], [24.039004358855433, 35.56175955386524], [24.033263239470667, 35.59847220034961], [24.08185676058883, 35.611583314851565], [24.15267661532516, 35.56438025088672], [24.13581756075973, 35.52242621035938], [24.091456446257776, 35.51980169864063], [24.073323282805628, 35.49620398135547], [24.113204035369105, 35.48571737857227], [24.177744898406214, 35.46998556704883], [24.219702753630823, 35.44900091739063], [24.229603800383753, 35.39131888003711], [24.388283762541956, 35.37296637149219], [24.768567118254847, 35.42802771182422], [24.997481379119105, 35.42102011294727], [25.013600382415003, 35.36247976870899]]]]}, "properties": {"period_year": 300, "label": "Roman Empire (Tetrarchy)"}}, {"type": "Feature", "geometry": {"type": "MultiPolygon", "coordinates": [[[[19.3228159280693, 30.256539903596682], [19.66391471346969, 30.44150122256641], [19.981537851897425, 30.721730791047854], [20.11676886996383, 30.957103334382815], [20.116768869963657, 30.957103334605364], [20.11667922457809, 31.071467958406252], [19.992096933928675, 31.350774370149416], [19.94158271273727, 31.611169420198244], [19.961470636931605, 31.795470796541018], [20.068364176360316, 32.03713568301563], [20.365721735564417, 32.29824026675586], [20.51552489718551, 32.38751181216602], [20.765051874724573, 32.49603231997852], [21.05449775179977, 32.630050264314455], [21.673419031706995, 32.815589509919924], [22.215989145842737, 32.79128988833789], [22.54312613925094, 32.72207220645313], [22.92284682711715, 32.55765875430469], [23.00733283480758, 32.48158987613086], [23.026656183806605, 32.25291021914844], [23.153338465300745, 32.138812623933596], [23.2886362405693, 32.13273199649219], [23.714034113494105, 32.0764232501543], [23.74241927163002, 32.0640980489926], [24.03440383395309, 31.937314592317385], [24.236922297087855, 31.92502363772754], [24.8158579202568, 31.90715368838672], [24.95152572116012, 31.818492494539065], [24.982237848845667, 31.647012315706057], [25.106553110686487, 31.51384123416309], [25.258229288665003, 31.437919221833987], [25.50715545138473, 31.444781862214846], [25.789500269499964, 31.48984106631641], [26.143334421721644, 31.490577302888674], [26.823994669524378, 31.358560167268557], [27.08809569796676, 31.306726060823244], [27.438754114714808, 31.25182493777637], [27.763331446257776, 31.182614885286135], [27.919449839202112, 30.99868544192676], [28.099829706755823, 30.99905737491016], [28.517182383147425, 30.9617992267168], [28.966422113982386, 30.784841142610354], [29.2488470407402, 30.753661714509768], [29.35938170870895, 30.81107100100879], [29.683102640715784, 31.053170762971682], [30.099139246550745, 31.231925569490237], [30.476056131926722, 31.31528814883594], [30.827059778777308, 31.436736665681643], [30.995955500212855, 31.468850694612307], [31.15138152560348, 31.443749986604494], [31.392270121184534, 31.44426115603809], [31.71741584262008, 31.387752138093752], [31.80812362155074, 31.178281389192385], [32.076510462371054, 31.013650499299807], [32.30937865695113, 31.08401831241016], [32.597243342009726, 30.96390112491016], [32.7687330575859, 30.95155294986133], [33.02139190158004, 31.132072053865237], [33.12956527194137, 31.051686845735354], [33.25459960421676, 31.026528917268557], [33.55760100802535, 30.967715822175784], [33.709609064665976, 30.995709978059573], [33.91696837863082, 31.070052705720705], [34.14630416354293, 31.20857962222461], [34.19527724703902, 31.238141618684573], [34.50065902194137, 31.621099077180666], [34.599135431853476, 31.817897401765627], [34.68133834323043, 32.045978151277346], [34.75850203951949, 32.30071981997852], [34.84289077242965, 32.670699678376955], [34.89496901949996, 32.66283377261524], [34.9565878244316, 32.704818330720705], [34.95908263644332, 32.79665716739063], [34.97200683077926, 32.93840750308399], [35.08897307833785, 33.069259248689455], [35.13231185397262, 33.231517396882815], [35.208388361540976, 33.33358725161914], [35.35608962496871, 33.639781557039065], [35.34855941256637, 33.74446829409961], [35.4298658700859, 33.74446829409961], [35.49185088595504, 33.83082541079883], [35.52440169772262, 33.974769197419924], [35.53208068331832, 34.11870535464649], [35.71620849093551, 34.31236990542774], [35.82100585421676, 34.34377630801563], [35.87306502780074, 34.422286592439455], [35.85191634616012, 34.49294622989063], [35.75075438937301, 34.74680670352344], [35.808852228728476, 35.013797365144534], [35.84138015231246, 35.04263266177539], [35.7964315744316, 35.27071722598438], [35.607340845671835, 35.417544923738284], [35.66395858248824, 35.45949514956836], [35.68043044528121, 35.52767141909961], [35.73317626437301, 35.58536108584766], [35.69143203219527, 35.68502005191211], [35.73950484713668, 35.690265260652346], [35.85594466647262, 35.83450277896289], [35.82905105074996, 35.884784303621096], [35.718504938689414, 36.091556154207034], [35.66494658908004, 36.133529268220705], [35.708632502165976, 36.21223410220508], [35.81413775284691, 36.29849189856277], [35.817240748015585, 36.301028810457034], [36.09526351412887, 36.48246344180469], [36.10452178439254, 36.56117209048633], [36.082430872527304, 36.621532045320315], [35.956793818083945, 36.74749334903125], [35.890875849333945, 36.7711139545], [35.67174056491012, 36.605784975007815], [35.56761458834762, 36.58741720767383], [35.506171259490195, 36.55855520816211], [35.54760268649215, 36.54018362613086], [35.49458983859176, 36.443099580720705], [35.41708281954879, 36.43260534854297], [35.38869765719527, 36.45359381289844], [35.35417846163863, 36.41423758120899], [35.220526728240195, 36.388003908113284], [35.07137206515426, 36.487708650544924], [34.86991027316207, 36.576922975496096], [34.66238311251754, 36.64777334781055], [34.48512938937301, 36.626781068757815], [34.10322097262496, 36.38032492251758], [33.95171264132613, 36.25157888980274], [33.954054865447226, 36.15975912661914], [33.89098266085738, 36.13877447696094], [33.835875544158164, 36.107295595125], [33.83369735201949, 36.07057150454883], [33.75317672213668, 36.14664038272266], [33.48169997653121, 36.05428274722461], [33.17133620699997, 35.97088202090625], [32.90411666354293, 35.976695619539065], [32.64034179171676, 36.007999025300784], [32.33497909030074, 36.128367982820315], [31.90200713595504, 36.496863923982424], [31.370690378752894, 36.712344728425784], [30.905310663787073, 36.79421576114063], [30.593590769377894, 36.76173361392383], [30.54006675204391, 36.64696081729297], [30.49665168246383, 36.37298163028125], [30.47283271273727, 36.18825491519336], [30.394862207976526, 36.118045412019534], [30.279892954436487, 36.1178050860918], [30.16613105258102, 36.18761786075], [29.661955866423792, 36.078345857576174], [29.47193244418258, 36.090694032625], [29.298188242522425, 36.17311819644336], [29.00225165804977, 36.69479712100391], [28.813527140227503, 36.53515585513477], [28.469845804778284, 36.73830755801563], [28.266922983733362, 36.7124095782793], [28.014189753142542, 36.527164064363284], [27.911902460662073, 36.69894369693164], [27.94185546359176, 36.75633963199024], [28.05103972872848, 36.8330150470293], [27.998808893767542, 36.909366212800784], [27.553477320281214, 36.91482504458789], [27.308110270110316, 36.92070730777149], [27.26863006075973, 37.04168280215625], [27.525639566985316, 37.131412111238284], [27.492524180022425, 37.23967321963672], [27.36463263949508, 37.328631959871096], [27.16040709933395, 37.36008032412891], [27.122561487761683, 37.49385031314258], [27.141085657683558, 37.64686544986133], [27.17978385409469, 37.77442892642383], [27.139773401824183, 37.88909109683399], [26.961377176848597, 37.94610556216602], [26.679331812468714, 38.104938112214846], [26.512320551482386, 38.066348634675784], [26.393214258757776, 38.10436209292774], [26.391598734465784, 38.219127260164065], [26.46871093234176, 38.44475897403125], [26.5274114938652, 38.41824301333789], [26.742451700774378, 38.27838858218555], [26.99743178805465, 38.40005835147266], [26.819674524871058, 38.52725180240039], [26.828822168914026, 38.58296164126758], [26.695696863738245, 38.640765748933596], [26.709471735564417, 38.69857367129688], [26.966380152312464, 38.76993139834766], [27.03491309603805, 38.82109793277149], [27.00422004183883, 38.88482626529102], [26.93680289706344, 38.924563966707034], [26.785336527434534, 38.94033392520313], [26.789847406951136, 39.024425111726565], [26.870751413909144, 39.05596884341602], [26.797139200774378, 39.12955816836719], [26.707943949309534, 39.18212851138477], [26.70405486544723, 39.250472627595705], [26.60224250277633, 39.25572928042774], [26.720158609954066, 39.33724936099414], [26.853512796965784, 39.46076925845508], [26.926152262297816, 39.476546846345705], [26.957518610564417, 39.54832800479297], [26.804265055266566, 39.56715353579883], [26.54617789706344, 39.51334723086719], [26.138976130095667, 39.43973883242969], [26.064057383147425, 39.45551260562305], [26.08488753756637, 39.604007326082034], [26.141903910247034, 39.66058310122852], [26.140706095305628, 39.74998053164844], [26.127575907317347, 39.878558717683596], [26.18600944003219, 39.997195802644534], [26.32033446749801, 39.99192389102344], [26.403052363005823, 40.176490388826174], [26.48171142062301, 40.18703802676563], [26.765282663909144, 40.37694128604297], [26.99647429904098, 40.371661745027346], [27.056124720183558, 40.4296947345293], [27.271754297820276, 40.450809083894534], [27.329234156218714, 40.35583456607227], [27.449610743132776, 40.30979498477344], [27.52599433383102, 40.297137819246096], [27.763894114104456, 40.28725393863086], [27.830164942351526, 40.34528311343555], [27.799843821135706, 40.40331991763477], [27.67928794345016, 40.46135290713672], [27.807831797209925, 40.50357016177539], [27.95380500277633, 40.48773916812305], [28.006459269133753, 40.450809083894534], [27.90821746310348, 40.35055502505664], [28.003991160002894, 40.36212881656055], [28.477719339934534, 40.39510305972461], [28.756440195647425, 40.37645300479297], [28.926756891814417, 40.35583456607227], [29.0524244638359, 40.33473166079883], [29.122286829558558, 40.41387137027149], [29.083527597991175, 40.45607718081836], [28.873215708342737, 40.471908174470705], [28.777958902922816, 40.524676881746096], [28.901621851531214, 40.62010534854297], [29.525197062102503, 40.68828924746875], [29.713147196379847, 40.693561159089846], [29.88271811923141, 40.746356569246096], [29.68344596346969, 40.75163611026172], [29.417172464934534, 40.741073213533205], [29.320355448332972, 40.741073213533205], [29.289643320647425, 40.806686006501955], [29.01453307589645, 40.97867163272266], [29.16120818575973, 41.21636541934375], [29.57778075656051, 41.153365694001955], [30.137623819915003, 41.13183554263477], [30.256087336150355, 41.18466528506641], [30.74480536898727, 41.04032476992969], [31.217682871428675, 41.05409201236133], [31.404126200286097, 41.16353949160938], [31.385666880217737, 41.2850414142168], [31.66638854464645, 41.394813142732424], [31.87128737887496, 41.49144323916797], [32.41898253878707, 41.74916800113086], [32.6879110666191, 41.84597357364063], [33.155463251677695, 41.94960745425586], [33.555541071501914, 41.982501588777346], [33.89665511569137, 41.95108374209766], [34.303900751677695, 41.89411886783008], [34.662909540740195, 41.87558325381641], [35.00186828097457, 42.043162904695315], [35.098830256072226, 41.80586203189258], [35.28607467135543, 41.67147787661914], [35.411437067595664, 41.626815401033205], [35.677855524626914, 41.62093313784961], [35.95779326876754, 41.685645662263674], [36.16136840304488, 41.35250052066211], [36.38289550265426, 41.23751791568164], [36.64124587496871, 41.31498297305469], [36.81701186617965, 41.289683900789065], [37.25282576998824, 41.027721010164065], [37.82184127291793, 41.00963171573047], [38.313963923064414, 40.920901857332034], [38.651183161345664, 40.92156942935352], [39.138644251433554, 41.0443187579668], [39.370177301970664, 41.06399878116016], [39.663004908171835, 41.0004955157793], [40.006712946501914, 40.95632895083789], [40.36101439913863, 40.963443361238284], [40.60989287814254, 41.028026185945315], [41.27776209668922, 41.28002979163246], [41.29311660250777, 41.28582342715625], [41.483962092009726, 41.436542116121096], [41.52111342867965, 41.46583517642383], [41.66611388644332, 41.72915228457813], [41.68046859225387, 41.793338380769534], [41.58518608377482, 40.55282293348646], [40.39291128587542, 39.718230574956884], [39.498705187450874, 39.718230574956884], [38.4256578693414, 39.479775615377], [38.4256578693414, 39.30093439569209], [38.783340308711225, 39.122093176007176], [38.842954048606195, 38.943251956322264], [38.48071378663624, 38.85383333101702], [38.48071378663624, 38.65545587379449], [39.27422361552639, 38.2190254679049], [38.87746870108132, 37.7032440791263], [37.88558141496862, 37.42551563901474], [37.88558141496862, 37.227138181792206], [38.24266083796919, 36.63200581012459], [38.12363436363567, 36.155899912790495], [38.24266083796919, 35.99719794701247], [39.71065402141598, 35.798820489789925], [39.966004036597845, 35.77056297929296], [38.37574401131226, 33.531644259482995], [38.02206833109677, 33.033706130758546], [36.4695820290377, 29.565265499094757], [36.003849686108246, 29.28582609333708], [35.64394040112986, 29.257061957678538], [35.07210448702926, 29.211360536531252], [35.095473322478476, 29.342677675203127], [35.073397669402304, 29.418868623689455], [34.984679255095664, 29.467219911531252], [34.954257044402304, 29.43680914492969], [34.93554213961715, 29.418094240144534], [34.76433471163863, 29.246686540559573], [34.548949274626914, 28.731626115754885], [34.39884093722457, 28.095985017732424], [34.32201293429488, 27.828979097322268], [34.24119857272262, 27.758920274690432], [34.05800536593551, 27.790313325837893], [33.85604384860152, 28.024955354646487], [33.50405791720504, 28.32918318362598], [33.33074096163863, 28.551192842439455], [33.178473505583945, 28.995608888582034], [32.9437818857109, 29.198421083406252], [32.813605341521445, 29.477700792268557], [32.737277063933554, 29.693547807649416], [32.64795974215621, 29.85220106692676], [32.43838027438277, 29.7755199298418], [32.31849196871871, 29.54019697757129], [32.590575251189414, 28.93719633670215], [32.64934447726363, 28.76578100772266], [32.93467620333785, 28.37882574649219], [33.35421660861129, 27.9095474109209], [33.5669393869316, 27.369950853303713], [33.80406478366012, 26.93206938357715], [33.92880919894332, 26.56382330508594], [34.104220423308554, 26.354524217561526], [34.51484206637496, 25.573916994050784], [34.99740127047652, 24.71719893069629], [35.189864191483686, 24.399919115245694], [35.1898641916191, 24.399919115022463], [33.657230668213316, 24.017988632918694], [33.690083292409675, 23.54952842887194], [33.345321283718846, 23.354044941061307], [33.3453212837093, 23.354044941055896], [32.60525827172126, 22.815817295973687], [31.999752171003777, 22.68126038470313], [31.057853792109913, 22.68126038470313], [28.40615598944454, 27.74338300369825], [26.742965374438096, 28.574978311201477], [22.307790401087573, 29.960970490373516], [21.29139613636141, 29.960970490373516], [19.48218893697831, 29.44405414769263], [19.234845412701418, 30.23098585418479], [19.31879586713139, 30.255372139199526], [19.3228159280693, 30.256539903596682]]], [[[33.07747939547652, 35.3186107501543], [33.37370971163863, 35.30648001284961], [33.539042505828085, 35.33169516177539], [33.90731719454879, 35.436847291902346], [34.21733764132613, 35.573566041902346], [34.45821288546676, 35.64456137271289], [34.24465468844527, 35.511844240144534], [34.04842666110152, 35.40793188662891], [33.780497583953085, 35.2081371173418], [33.77266601046676, 35.129283510164065], [33.92467406710738, 34.95322760196094], [33.79195693453902, 34.95737036319141], [33.732577356902304, 34.90862234683399], [33.68582061251754, 34.93486746402149], [33.538512262908164, 34.944156251863284], [33.48393538912887, 34.79579123111133], [33.1313925119316, 34.680335603669924], [32.958617243376914, 34.659339509919924], [32.91454604586715, 34.635726533845705], [32.91451552828902, 34.54125937075977], [32.816657099333945, 34.538638673738284], [32.78413680514449, 34.625228486970705], [32.603392634001914, 34.61473425479297], [32.35718062838668, 34.680335603669924], [32.271090540496054, 34.71969565005664], [32.27097991427535, 34.81415518374805], [32.198500666228476, 34.86138876529102], [32.1437216134941, 35.042544923738284], [32.1804762216484, 35.05831488223438], [32.23445800265426, 35.01363333316211], [32.30098632296676, 35.01626165957813], [32.48311522921676, 35.15294226260547], [32.596983942595664, 35.15557440371875], [32.74495223483199, 35.11427267642383], [32.77952483615035, 35.15294226260547], [32.819071802703085, 35.2817455157793], [32.795111689177695, 35.36061056704883], [33.07747939547652, 35.3186107501543]]]]}, "properties": {"period_year": 300, "label": "Roman Empire (Tetrarchy)"}}, {"type": "Feature", "geometry": {"type": "MultiPolygon", "coordinates": [[[[19.338465723601526, 41.86202200503711], [19.143036875334925, 41.93209036441211], [19.135544809905237, 41.99954184146289], [18.90989974459762, 42.217792116121096], [18.843149619713987, 42.24141953915808], [18.528643641081995, 42.35274466128711], [18.513588938323206, 42.362140260652346], [18.24871161898727, 42.52743872256641], [18.001368555632776, 42.69445761294727], [17.646380457488245, 42.864600740388674], [17.595679316130823, 42.888900361970705], [17.54798034152145, 42.92011984439258], [17.304074229691235, 43.07620747861257], [17.07508758029098, 43.22274740786914], [16.99226287325973, 43.32271536441211], [16.639813456145472, 43.38973578067188], [16.54851058444137, 43.461314760164065], [16.36674788912887, 43.51302298159961], [16.059407267180628, 43.4334789142168], [15.912835154143519, 43.65224798770313], [15.494369067245357, 43.88844455774298], [15.412318262664026, 43.934756837800784], [15.149468454924769, 44.23992880435352], [15.274405512419886, 44.23661383242969], [15.548222574797816, 44.229346834138674], [15.285944017974085, 44.32891806216602], [14.989106211272425, 44.54002722354297], [14.906961474028773, 44.72332342715625], [14.945532831755823, 44.92658957095508], [14.815391573516077, 45.07786902041797], [14.524585756865687, 45.26628454776172], [14.354488405791468, 45.32289084048633], [14.23862174471969, 45.062354646638674], [14.174608263579554, 45.010387025789065], [14.188512835112757, 44.94254644961719], [14.060400042144007, 44.89470251651172], [13.991256746855921, 44.783099733308596], [13.89510253390426, 44.75918158145313], [13.6720590921318, 45.050357423738284], [13.643589052764124, 45.179088197664065], [13.52689078768844, 45.45431097598438], [13.556276354399866, 45.4596019610918], [13.7490854593193, 45.49433096499805], [13.799984011260218, 45.56637152285938], [13.673180613127894, 45.71450766177539], [13.564614328948206, 45.72652395816211], [13.437729868498987, 45.638431154207034], [13.367695841399378, 45.69448813052539], [13.156165155974573, 45.72652395816211], [13.104608568755335, 45.58238562198047], [12.898650202361292, 45.55837210269336], [12.44815543612594, 45.39428671450977], [12.483212503997034, 45.46231421084766], [12.279743227568812, 45.40228994937305], [12.251417193022913, 45.29028280825977], [12.180371317473597, 45.27027853579883], [12.176189455596155, 45.21429022403125], [12.312513384429163, 45.178294740632815], [12.322136911956019, 45.0423656329668], [12.408988031951136, 44.9890094623125], [12.523090395537562, 44.88275106997852], [12.476044687834925, 44.787086091951174], [12.377765212721485, 44.73152979882409], [12.27358439883346, 44.67263754458789], [12.280731234160609, 44.55012472720508], [12.345076593962855, 44.30104025454883], [12.508117008152883, 44.131458089893975], [12.697230372039026, 43.934756837800784], [13.600871119109339, 43.53480490298633], [13.731556925383753, 43.37416037173633], [13.791634592620081, 43.12334402652149], [13.91509059390182, 42.87276419253711], [14.076401988875038, 42.6337763953921], [14.092769655791468, 42.60952719302539], [14.404933008757776, 42.35311087222461], [14.429446711442168, 42.326661124182635], [14.51930907687301, 42.22970160098438], [14.719955477324671, 42.141761384919924], [14.738527330962366, 42.047156892732424], [14.922405275908655, 41.97177084536914], [15.448605570403284, 41.856727205232424], [16.012843165007776, 41.90432318301563], [16.187411341277308, 41.84086187930469], [16.198414835540003, 41.745669923738284], [15.989146265593714, 41.634646974519534], [15.873253855315394, 41.50214346499805], [15.991044077483362, 41.40614279361133], [16.42026809176559, 41.278724275544924], [16.94596389254684, 41.093814454988284], [17.258607996763015, 40.95599425161939], [17.319272074309534, 40.92925222964649], [18.033919367400355, 40.59665258975391], [18.059941324797816, 40.513534151033205], [18.3836126657402, 40.307750307039065], [18.522648844329066, 40.09413107486133], [18.433678660002894, 39.89840658755664], [18.364918741790003, 39.746722780183596], [18.16013053378219, 39.87313421817188], [18.017067942229456, 39.947894655183596], [17.967745813933558, 40.16689261050586], [17.84960463961715, 40.24349554629688], [17.61914924105758, 40.2878375873125], [17.401650461760706, 40.29192694278125], [17.20417121371383, 40.39794119449024], [17.242802652922816, 40.49576147647266], [17.08408072909469, 40.52511175723438], [16.948712381926722, 40.481090150789065], [16.84413054904098, 40.363135896638674], [16.727564844695276, 40.183604799226565], [16.604413065520472, 40.089908204988284], [16.623852762786097, 39.96775396914844], [16.535006556121058, 39.83156546206836], [16.532101664153284, 39.697513185457034], [16.873986277190394, 39.543651185945315], [17.14906981906051, 39.42180212588672], [17.107419046965784, 39.28047140689258], [17.120997461882776, 39.08602102847461], [17.18071273287887, 39.02220877261524], [17.094689402190394, 38.915023408845705], [16.797699961272425, 38.92585714908008], [16.61332992037887, 38.82732733340625], [16.522202524748987, 38.72502478213672], [16.57200149020309, 38.45711859317188], [16.330693277922816, 38.320743165925784], [16.052943262664026, 37.93117483706836], [15.785237345305628, 37.909705720857424], [15.71022704562301, 37.94143637271289], [15.627475771514124, 38.00421103091602], [15.62657741030807, 38.23308142276172], [15.790868792144007, 38.296397767976565], [15.933466944304651, 38.53991659732227], [15.827300104705042, 38.62273367495899], [15.989846262541956, 38.73476370425586], [16.15220931491012, 38.70126684756641], [16.2122259469902, 38.77795370669727], [16.177208933440394, 38.93099173159961], [16.082562479582972, 39.01247366519336], [15.989552530852503, 39.4283519610918], [15.84651435050798, 39.62985800079746], [15.824671778289026, 39.660628877595705], [15.757021936980433, 39.93362768741016], [15.666200670806116, 40.091861329988284], [15.515924486724085, 40.06594809146289], [15.432033571807093, 39.988971315339846], [15.027263674346155, 40.212195955232424], [14.898671183196253, 40.241458497957034], [14.992320093718714, 40.37221869082813], [14.951005014983362, 40.55147894473438], [14.743317637053675, 40.70481451602344], [14.334127459136194, 40.593604646638674], [14.34976962527389, 40.64252432437305], [14.494590792266077, 40.72996100039844], [14.370310816374964, 40.85147055240039], [14.239995989409632, 40.852943025544924], [14.050873789397425, 40.76751288028125], [13.941878351775355, 40.99803503604297], [13.852500948516077, 41.09095724673633], [13.797006640044398, 41.19344671817188], [13.760507236170445, 41.20669841632788], [13.49839023074264, 41.301864229158205], [13.329107257915082, 41.31109494864743], [13.271446261016077, 41.31423910708789], [12.976777109709925, 41.371375642732424], [12.641516718474573, 41.53109701724414], [12.394848856536097, 41.72954901309375], [11.963433298674769, 42.00474127383594], [11.960132972376561, 42.00737273955097], [11.497365030852503, 42.376353822664065], [11.104763063994593, 42.549083314851565], [10.742755922881312, 42.850509248689455], [10.487745318022913, 43.235938631013674], [10.337910145884006, 43.596202827939074], [10.292479548064417, 43.70543631167774], [10.261382708001236, 43.74523947476491], [10.155236147769651, 43.88110436777192], [10.136747393218226, 43.904769502595705], [9.909300837126917, 44.110477052644534], [9.82549804898012, 44.152548314253266], [9.691935572234339, 44.219600282625], [9.1570444436943, 44.37323721499805], [8.896585497466273, 44.43718679995899], [8.671724352446741, 44.417403779939455], [8.342789137617475, 44.22018781295507], [8.186360392180628, 44.12639959903125], [8.089567661878142, 44.05082949636362], [8.048067028406173, 44.01842822901174], [7.979526552764124, 43.964915834382815], [7.689120325652309, 43.88704641909961], [7.552810225096888, 43.867450319246096], [7.467525371397117, 43.81083423022823], [7.397118601409144, 43.76409491153125], [7.297616514769739, 43.667300783113284], [6.923080000487513, 43.44766577334766], [6.523014101592249, 43.15085180850391], [6.331224951354212, 43.11186941714649], [6.187778505889124, 43.092288576082034], [5.828570398894495, 43.020816408113284], [5.646554979888148, 43.03331717105274], [5.434490236846155, 43.103656373933596], [5.05181697329635, 43.32809790225391], [4.909845861998743, 43.366439424470705], [4.750594648925013, 43.35325964541797], [4.646513971892542, 43.320865236238284], [4.416764769164271, 43.34614523501758], [4.078196081725307, 43.48708685489063], [3.807468924132532, 43.467227540925784], [3.47871283015365, 43.31209524722461], [3.317868027297205, 43.19595297427539], [3.067900213805383, 42.944564424470705], [3.001891169158167, 42.77080877871875], [3.045898947325891, 42.53945501895313], [3.087081465331262, 42.36864431949024], [3.086528334227747, 42.329112611726565], [3.08628610095138, 42.1207233295], [3.156553778258508, 42.075721345857424], [3.128878864852136, 41.85722693057422], [2.628259214965051, 41.61954077334766], [2.200590166655725, 41.44614752383594], [2.080724749175256, 41.29848822207813], [2.065487708318266, 41.295597639403624], [1.609828624335474, 41.20915564151172], [1.442095519242574, 41.17999861920224], [1.311244878379053, 41.15725287051563], [0.879201922026819, 41.0217357501543], [0.733751806822962, 40.87495382876758], [0.709782037345117, 40.78514822574024], [0.82712546309585, 40.7274242267168], [0.787556442824548, 40.65688665957813], [0.505141589251703, 40.592757783845705], [0.237927589026636, 40.24019964785938], [-0.160625037344748, 39.886024080232424], [-0.203663793000036, 39.79943808169727], [-0.284515861960703, 39.63677176089649], [-0.394848432930762, 39.434459291414065], [-0.235902842673117, 39.06240423770313], [-0.203663793000036, 39.012652955964846], [-0.165695284100825, 38.95406302066211], [0.12611598095054, 38.821353517488284], [0.172570082751459, 38.738345704988284], [-0.107004006000811, 38.59149893374805], [-0.203663793000036, 38.54402884097461], [-0.43515532890206, 38.43033941836719], [-0.564126816185766, 38.21486624331836], [-0.664728876742178, 38.17657431216602], [-0.872343566807562, 37.75979956241016], [-0.802563574703985, 37.61500509829883], [-0.918272283467108, 37.57034262271289], [-1.364567962082678, 37.54839285464649], [-1.625712480934912, 37.439490877107424], [-1.816879835518652, 37.2924762591875], [-1.940475192459875, 36.95159872622852], [-2.238797393235022, 36.728396974519534], [-2.355097499283606, 36.82405050845508], [-2.624331441315466, 36.811297975496096], [-2.761496749314123, 36.69013937564258], [-2.915331569107825, 36.69013937564258], [-2.969792333039099, 36.74114950747852], [-4.446585622223669, 36.72201880069141], [-4.757303681763464, 36.48610647769336], [-5.216736283692175, 36.40959509463672], [-5.374227490814977, 36.23747595401172], [-5.38674971142655, 36.10998495669727], [-5.424260106476599, 36.07174261660938], [-5.457090821656042, 36.16735800357227], [-5.487933125885778, 36.173724733308596], [-5.485486474427038, 36.06536825747852], [-5.660587277802282, 36.008006654695315], [-5.850014176758581, 36.07174261660938], [-6.204461064728552, 36.28209646792774], [-6.304971661957556, 36.45422323794727], [-6.288880792053991, 36.57217749209766], [-6.444025006684119, 36.62318380923633], [-6.500485864075475, 36.718829713777346], [-6.421713319214636, 36.79216345401172], [-6.632153954895788, 37.02175100894336], [-6.947954621704869, 37.14931448550586], [-7.010098424347691, 37.165259920076174], [-7.227823701294714, 37.22585638614063], [-7.491503682526403, 37.20815619082813], [-7.603436437043005, 37.16297873111133], [-7.836042371186071, 37.03225287051563], [-8.033637967499548, 37.00878866763477], [-8.280239072235876, 37.088580690339846], [-8.541073766144567, 37.088580690339846], [-8.667059865387731, 37.12144049258594], [-8.990849461945349, 36.990008912996096], [-9.016643491181188, 37.069800935701174], [-8.841511693390661, 37.52514608950977], [-8.848719534846378, 37.81676788621598], [-8.851028409394079, 37.91018255801563], [-8.93278595486527, 37.96184118838672], [-8.822993245514684, 38.206073366121096], [-8.847303357514196, 38.384566865876955], [-8.788920369538122, 38.43598135562305], [-8.853651967438513, 38.4996410235918], [-9.022322621735388, 38.46102102847461], [-9.236570325287634, 38.41744955630664], [-9.2851581243599, 38.61946829409961], [-9.069152799042516, 38.64295919986133], [-8.941892590912634, 38.74191626162891], [-8.960826840790563, 38.81846197696094], [-9.040849652680212, 38.92018087954883], [-9.175754514130407, 38.73223074527149], [-9.361637082489782, 38.671145997957034], [-9.522397008332067, 38.6899371966875], [-9.54900738278275, 38.77451666446094], [-9.459762540253454, 38.95307882876758], [-9.3977069524849, 39.23036154361133], [-9.415269818695837, 39.366675935701174], [-9.299269643219763, 39.417735658601565], [-9.117922749909216, 39.64403494449024], [-8.915585484894567, 40.13814886660938], [-8.969669309052282, 40.19001730533008], [-8.69406982937699, 40.992171846345705], [-8.851777997406774, 41.40782888980274], [-8.854754414948278, 41.59685095401172], [-8.920735326203161, 41.76702078433399], [-8.806055035980993, 41.889178834871096], [-8.86048599758988, 42.0145336017168], [-8.798570599945837, 42.194530092195315], [-8.644062962921911, 42.419749818757815], [-8.805045094879919, 42.63155706973438], [-8.94172379055863, 42.824195466951174], [-9.173123326691442, 42.85590323062305], [-9.24685951748734, 42.900775514558596], [-9.270803418549352, 43.048690401033205], [-9.197466817292028, 43.158214174226565], [-9.013589826020056, 43.28085669131641], [-8.849216428192907, 43.326243959382815], [-8.595722165497595, 43.339618287996096], [-8.31041332760697, 43.35304983706836], [-8.25069710293656, 43.4304271564043], [-8.22022434750443, 43.61720999331836], [-7.979528870972448, 43.740054689363284], [-7.636274781616979, 43.721412263826174], [-7.151302304657751, 43.554942689851565], [-6.807975736054234, 43.523421846345705], [-6.467573609741979, 43.56272467227344], [-6.208046403321081, 43.640521608308596], [-5.979656186493688, 43.70537909121875], [-5.820451226624304, 43.70568808169727], [-5.537417855652624, 43.57745321841602], [-5.224896397980505, 43.507247529939455], [-4.802335706147009, 43.46944388003711], [-4.110216107758337, 43.45151098819141], [-3.847605910691077, 43.43916281314258], [-3.417000499161536, 43.37565191836719], [-3.195965257080847, 43.446883760408205], [-3.007205691727453, 43.55027350039844], [-2.768362489136511, 43.53787573428516], [-2.367384400757605, 43.326243959382815], [-2.142923348652433, 43.33147102864046], [-2.065644708069617, 43.333270631746096], [-1.914577808769995, 43.3054157123125], [-1.746070232781225, 43.36016043277149], [-1.561407771500403, 43.524425111726565], [-1.314379182251745, 44.558963380769534], [-1.135849919709021, 44.600101076082034], [-1.230320539864355, 44.730411134675784], [-1.331778016480261, 44.61382635684375], [-1.275514092835242, 45.12873037906055], [-1.175191727074438, 45.50050314517383], [-1.123440351876074, 45.431617341951174], [-0.900364187153631, 45.29391058535938], [-0.814226653965765, 45.12184103579883], [-0.728486028107458, 45.01864203067188], [-0.85470238009339, 45.321448884919924], [-1.13839491883164, 45.58316382022266], [-1.247395124825293, 45.688148103669924], [-1.236505594643408, 45.8000446185625], [-1.07519969025498, 46.01461752505664], [-1.165981498154455, 46.18368109317188], [-1.256056633385473, 46.30683096499805], [-1.402668443116003, 46.403934083894534], [-1.710726466568762, 46.44879110904102], [-1.942478146942908, 46.70579870791797], [-2.129660334976965, 46.85084494204883], [-2.004645553025061, 47.04250296206836], [-2.10947760620957, 47.124042116121096], [-2.263749804886633, 47.18288382144336], [-2.493711915406042, 47.24692114444141], [-2.576483931931311, 47.324866853669924], [-2.46554347554093, 47.49438437075977], [-2.613652196320349, 47.572249971345705], [-2.842474189194494, 47.49190481753711], [-3.062696423920447, 47.60393866153125], [-3.433526244553381, 47.71681173892383], [-3.7118680147255, 47.79814871402149], [-3.858102050217444, 47.79180868716602], [-3.954837766083533, 47.90433844180469], [-4.36437365094071, 47.82931097598438], [-4.390935388001257, 47.94184836001758], [-4.510127511414343, 47.99813040347461], [-4.675397363098913, 48.01689489932422], [-4.700306382569128, 48.06380423159961], [-4.312866177948766, 48.10133322329883], [-4.350984063538366, 48.204566560701174], [-4.587968316468054, 48.25149496646289], [-4.38890167752152, 48.298438631013674], [-4.350201573761755, 48.390506349519534], [-4.473793950470739, 48.382937990144534], [-4.59202143231278, 48.392318330720705], [-4.779634442719275, 48.354774080232424], [-4.761963334473425, 48.55200155825977], [-4.625704255493932, 48.546668611482424], [-4.488299336823278, 48.61226614566211], [-4.25147720852738, 48.65191229434375], [-3.998872962387854, 48.73053701968555], [-3.902217355164343, 48.64596136660938], [-3.821306434067541, 48.721149049714846], [-3.607873406800085, 48.692950807527346], [-3.557670083435827, 48.810077272371096], [-3.43505784550553, 48.83645971866016], [-3.091225352677161, 48.87155111880664], [-2.914459433945471, 48.70678671450977], [-2.790535416992956, 48.58958014102344], [-2.636378016861731, 48.55200155825977], [-2.342885461243445, 48.67414816470508], [-2.200072136315161, 48.598983369783205], [-2.075967636498266, 48.65615805240039], [-1.870566811951452, 48.711742006257815], [-1.857612696083838, 48.60836752505664], [-1.591356840523535, 48.63750036807422], [-1.456587758454138, 48.683551393464846], [-1.575547900589758, 48.76814230533008], [-1.588412251862341, 48.88095053286914], [-1.563408580216223, 49.036239229158205], [-1.579779472740942, 49.2290111407793], [-1.638999786766821, 49.219607912019534], [-1.891543593796545, 49.526351533845705], [-1.941284146698767, 49.70930441470508], [-1.524247136505896, 49.65277060122852], [-1.250969496163183, 49.69987829776172], [-1.288660493286902, 49.520972810701174], [-1.177143421562964, 49.33254965396289], [-1.023191001805121, 49.39845999331836], [-0.464948442372137, 49.35137899966602], [-0.239364930036122, 49.28548773379688], [-0.203663793000036, 49.291812501863284], [0.032870042530245, 49.33370550723438], [0.330848249999231, 49.45495565982227], [0.090372207966989, 49.51055487246875], [0.115054044333643, 49.60227545352344], [0.189372840729898, 49.681026063875], [0.528559717742151, 49.8258014545], [0.868757519332117, 49.90724905581836], [1.274518880454248, 50.00430258365039], [1.416228327361292, 50.10984381289844], [1.551989111510462, 50.22880896182422], [1.528296861258692, 50.57772787661914], [1.588920149413294, 50.821883760408205], [1.796177011925257, 50.92141446442835], [1.823555264083093, 50.93456228824024], [2.030328068343347, 51.006656251863284], [2.44259599169845, 51.04803045840625], [2.522131952849573, 51.09112127871875], [2.995262178984827, 51.313479982332034], [3.2136051984703, 51.35356863589649], [3.472019943801111, 51.31439169497852], [3.681297096816248, 51.3214183673418], [3.775046858397669, 51.38774450869922], [5.135158159771422, 52.126689920244836], [5.448322555449071, 52.048398821325414], [5.747409612890585, 51.94870313551158], [6.857562335998502, 51.57865222780894], [6.857562335998502, 51.34318559791618], [6.857562335998502, 50.952323436453646], [6.897897566378949, 50.925433282866685], [7.294492824905269, 50.661036443849135], [7.562182226273215, 50.48257684293717], [7.740685931809476, 49.99090874172327], [8.291855268202141, 49.94080243841484], [8.364540818676373, 49.686403011755026], [8.39206787481899, 49.59005831525587], [8.542386784744263, 49.389633102022174], [8.51196439586849, 49.36623126442542], [7.891004841734748, 48.88857006893793], [7.740685931809476, 48.43761333916211], [8.041323751660022, 48.287294429236844], [8.592493088052686, 48.13697551931157], [10.033625141456158, 48.514414866631526], [10.696957827006502, 48.68814485570423], [11.448552376632863, 48.738251159012655], [12.200146926259228, 49.139101585480056], [12.75352162757752, 48.93294238302814], [14.755568394988861, 48.187081822619994], [15.757694461157344, 48.53782594577896], [17.060458347176368, 48.086869216003144], [18.914391569588066, 47.836337699461026], [18.86428526627964, 45.581554050581936], [19.065554967771348, 45.53510719639154], [20.16704915229867, 45.28091623073139], [20.385843565250656, 44.797594038362774], [20.7133017025419, 44.708936748364714], [19.9518811679045, 43.51944495987469], [19.772304347673266, 41.896524855717004], [19.54769419765212, 41.77606862488652], [19.45788672885055, 41.79808386416797], [19.367713007537073, 41.84637030215625], [19.338465723601526, 41.86202200503711]]], [[[8.87900260409469, 42.624766908601565], [9.000392946807093, 42.63458975406055], [9.018427881804651, 42.69103964419727], [9.149460825530237, 42.710670076326174], [9.23769286593551, 42.664039216951174], [9.280391726103968, 42.727855287507815], [9.270520243254847, 42.882510744050784], [9.30318931063766, 42.983192048982424], [9.367051157561487, 42.988101564363284], [9.414238962737269, 42.90952643008594], [9.432161364165491, 42.79413565249805], [9.40549472293014, 42.58059652896289], [9.458552393523401, 42.55605658145313], [9.486711535063929, 42.4063793048418], [9.452508959380335, 42.04830511660938], [9.357456240264124, 41.90121039004688], [9.304538759795374, 41.575267396882815], [9.173024210540003, 41.34990652652149], [9.038939509001917, 41.36949881167774], [9.013268503752894, 41.457679353669924], [8.828752550688929, 41.49197729678516], [8.726921114531702, 41.56056936831836], [8.854648623076624, 41.65367849917774], [8.823254618254847, 41.68797644229297], [8.626926455107874, 41.73208960147266], [8.742449793425745, 41.8815990314043], [8.692829165068812, 41.913463197664065], [8.561865839568323, 41.8815990314043], [8.537932428923792, 41.94778021426563], [8.589588198271937, 41.957591615632815], [8.66831210574264, 42.02868612857227], [8.626454386321253, 42.09734304995899], [8.510698351470179, 42.13412436099414], [8.517246279326624, 42.20770224185352], [8.628421816436, 42.26165731997852], [8.500446352568812, 42.359778963044924], [8.609300646392054, 42.48734625430469], [8.87900260409469, 42.624766908601565]]], [[[9.648338350859827, 39.45721396060352], [9.47892001589889, 39.14415701480274], [9.296275171843714, 39.23312338443164], [9.062541994658655, 39.21989019961719], [8.998516115752405, 39.175094209626955], [8.931367907134241, 39.05370291324024], [8.819559130278773, 38.976913057283205], [8.696099314299769, 38.99581106753711], [8.582376513091273, 39.06576880069141], [8.417174372283167, 39.212203584626955], [8.374221834746546, 39.307845674470705], [8.465033564177698, 39.639937959626955], [8.508480105010218, 39.946475587800784], [8.487975153533167, 40.20879705996875], [8.42818931063766, 40.464854799226565], [8.20155242404098, 40.66299780459766], [8.159486803618616, 40.7846752032793], [8.240707430449671, 40.85533865542774], [8.40555289706344, 40.86208304019336], [8.766072306243128, 40.8628002032793], [8.91842368563766, 40.94002493472461], [9.30620387515182, 41.18444784732227], [9.590851816741175, 40.902911745027346], [9.79373935183639, 40.56368216128711], [9.787847551909632, 40.44195517154102], [9.695723566619105, 40.31368979068164], [9.630800280181116, 40.09585531802539], [9.69800952395553, 39.69349630923633], [9.648338350859827, 39.45721396060352]]], [[[14.453834719112688, 31.162163712322617], [9.833860788539226, 32.91775380594053], [8.63266756659013, 34.02654754927816], [7.985871216309846, 35.50493920706167], [-8.640263524445349, 33.12173422427539], [-8.31441494503861, 33.33848150821094], [-7.902406182678991, 33.48548849673633], [-7.332620587738806, 33.69637259097461], [-7.004007783325964, 33.874984346345705], [-6.752974477204138, 34.12335165591602], [-6.511472192200475, 34.45429953189258], [-6.472049931118064, 34.530940244894], [-6.32767397652496, 34.81162115452381], [-6.302049127014929, 34.86143835635547], [-5.928758588227087, 35.72785910220508], [-5.807887044342809, 35.78541525454883], [-5.565000024231725, 35.862342439607424], [-5.479359116944128, 35.80520590396289], [-5.171789613159948, 35.42376288028125], [-5.10963150540238, 35.37931402774219], [-4.592977490814977, 35.151187501863284], [-4.29535099545365, 35.15178640933399], [-4.027887788208776, 35.13323553653125], [-3.440804210099036, 35.166278444246096], [-3.205772366913611, 35.26860769839649], [-3.009028163346106, 35.38997992129688], [-2.829877105149084, 35.14205893130664], [-2.714807000550085, 35.09774359317188], [-2.355662789734656, 35.05391653628711], [-2.325944383332021, 35.053977160631526], [-2.192973938378149, 35.05424841494922], [-2.035251822861487, 35.054568849519534], [-1.738327947052771, 35.11883123965625], [-1.495096531304175, 35.23390158267383], [-1.329105701836401, 35.48890646548633], [-1.146667149456793, 35.62936743350391], [-0.917491999062353, 35.66803701968555], [-0.734306838902289, 35.73846014590625], [-0.428770822080427, 35.86006888003711], [-0.282988813313299, 35.75847586245899], [-0.203663793000036, 35.75072058291797], [-0.091654170843416, 35.73976858706836], [0.015310812202638, 35.803668580964846], [0.198671731558985, 36.033309541658205], [0.474390897360986, 36.22496374698047], [0.781242343989557, 36.38485296817188], [1.057602915373987, 36.461856447175784], [1.579693111983484, 36.51388891787891], [2.293774160948938, 36.54082449527149], [2.524363550749964, 36.57315023990039], [2.809869083968347, 36.71390112491016], [3.070006403533167, 36.61885794253711], [3.323837790099329, 36.65123327823047], [3.586873087493128, 36.79195364566211], [3.741224560347742, 36.83686789126758], [4.163919005004114, 36.83135183902149], [4.394624266234583, 36.83819159121875], [4.532551798430628, 36.8129840716875], [4.632117304412073, 36.79406698794727], [4.777191671935266, 36.743384920076174], [5.144465002623743, 36.66767843814258], [5.382732424346155, 36.67453344912891], [5.730162176696009, 36.7517047748125], [6.047393831816859, 36.841556154207034], [6.322870287505335, 37.090648256257815], [6.770537409392542, 36.86214789004688], [6.923042807189174, 36.81784018130664], [7.063241037932581, 36.881854616121096], [7.204853090850062, 36.99046667666797], [7.306981119719691, 37.06078299136524], [7.544922861663049, 37.04214438052539], [7.719043287841028, 36.95327719302539], [7.79204085787887, 36.83235891909961], [7.913174662200159, 36.77524908633594], [8.145014795867151, 36.813949190095705], [8.63670924624557, 36.885257326082034], [8.865518602935023, 36.96835287661914], [9.15028003176803, 37.17287405581836], [9.416118654814905, 37.27537878604297], [9.73219970187301, 37.28239782901172], [10.021354708281702, 37.20013388247852], [10.132734331694788, 37.104747377351565], [10.158871683684534, 36.99647482486133], [10.271508249846644, 36.754554353669924], [10.392797503081507, 36.716571412996096], [10.580582651702112, 36.79342230410938], [10.843251261321253, 36.99148901553516], [11.02375701388473, 37.06832464785938], [11.039403948394007, 36.90904577823047], [10.920062098113245, 36.6539378985918], [10.633412394133753, 36.424014650300784], [10.509244951811976, 36.21355398745899], [10.511460337248987, 36.08616980166797], [10.602607760039515, 35.88894613833789], [10.830826792327112, 35.679278932527346], [10.988951716033167, 35.622298799470705], [11.125108751860804, 35.2406078204668], [11.082800898162073, 35.14503439517383], [10.839357409087366, 34.8011546954668], [10.574025187102503, 34.648109041169924], [10.11642173251266, 34.234168611482424], [10.019480738249964, 34.08147390933399], [10.148656878081507, 33.87839850039844], [10.412600550261683, 33.63112600894336], [10.650217089263148, 33.49818380923633], [10.778140101042933, 33.473033510164065], [10.956539187041468, 33.575057588533205], [11.099118265715784, 33.53722723575], [11.208920511809534, 33.25152166934375], [11.470686945525355, 33.14409216494922], [12.117019686309046, 32.87850149722461], [12.56475642642135, 32.73963888736133], [12.79886344393844, 32.733768068269534], [13.187125238982386, 32.791759096101565], [13.458779368010706, 32.77960928531055], [14.157023462859339, 32.67937811465625], [14.433427843657679, 32.46390875430469], [14.790810618010706, 32.362994752839846], [15.009786638823694, 32.363441072419924], [15.163704905120081, 32.27480658145313], [15.241435083953089, 32.17330130191211], [15.358129534331507, 31.805022798494143], [15.53340819796676, 31.55121573062305], [15.843325647917933, 31.285003267244143], [16.013379129973597, 31.22817000003223], [16.31838706454391, 31.165261827424807], [16.78251937350387, 31.128097139314455], [16.983780893889612, 31.09674223513965], [17.421629938689417, 30.99598654361133], [17.70897963961715, 30.894923768953127], [17.957158121672816, 30.768363557771487], [18.537213358489222, 30.41374548526172], [18.608251734640834, 30.374469834132547], [18.88543416831375, 30.221221390772325], [18.91502669772262, 30.204860292390627], [19.12453940829391, 30.198943696931643], [19.189375290626675, 30.217777499755993], [19.351777391690295, 29.406793706181766], [19.351007085520557, 29.406573618704698], [18.6118112566288, 29.406573618704698], [14.453834719112688, 31.162163712322617]]], [[[13.809530291167444, 37.966415010408205], [14.134472879973597, 37.973453126863284], [14.765865358916468, 38.0576129779375], [15.386741671172327, 38.20554693789844], [15.453687700835413, 38.16741522403125], [15.472892794219202, 38.110057435945315], [15.42252353152389, 38.05257376284961], [15.181032213774866, 37.68228109927539], [15.1121807428276, 37.45903357119922], [15.116248163787073, 37.286944948152346], [15.301346811858362, 37.057899080232424], [15.220631632415003, 37.000377260164065], [15.027343782988734, 36.74511679263477], [14.942398104277796, 36.738563142732424], [14.622022661772913, 36.776141725496096], [14.215912851897425, 37.0493236407793], [13.868404421416468, 37.15695150943164], [13.011567148772425, 37.52489431949024], [12.63687900027389, 37.581500612214846], [12.532035860625452, 37.63867148013477], [12.454147371855921, 37.766009889558596], [12.516644510832972, 37.91916998477344], [12.664325747100062, 38.07249792666797], [12.782839808074183, 38.11737783999805], [13.065952334014124, 38.066932283357424], [13.322475466338343, 38.22051199527149], [13.627963099089808, 38.02980764956836], [13.809530291167444, 37.966415010408205]]], [[[-0.977718543432374, 53.348445936811785], [-0.756520447635843, 53.6044248113348], [-0.318142512140932, 53.57839764138827], [-0.203663793000036, 53.52328451724414], [0.081015858260339, 53.3862262591875], [0.174518886414713, 53.29305990786914], [0.267848494855112, 53.12666281314258], [0.250867608395761, 53.04005392642383], [0.005501198974794, 52.786666475251955], [0.326831850615686, 52.707477174714846], [0.50467011651153, 52.847510896638674], [0.741839024630731, 52.901195131257815], [1.01266435107345, 52.88841589541797], [1.375926766005701, 52.809241853669924], [1.585714611617273, 52.650043092683596], [1.691691670027918, 52.311420045808596], [1.656872067061609, 52.21178396792774], [1.511889729109949, 52.02575644107227], [1.031286153403467, 51.812720857576174], [0.686218056288904, 51.56038626284961], [0.254172805157846, 51.453597627595705], [0.804253611174768, 51.37826880069141], [1.0300673576271, 51.35884817691211], [1.189365777579492, 51.40547140689258], [1.36468068083877, 51.35290487857227], [1.33496442755813, 51.12069662661914], [0.886016640273279, 50.981891237214846], [0.888346943465418, 50.89267309756641], [0.672568890658563, 50.930667482332034], [0.191810223666376, 50.73128470034961], [-0.203663793000036, 50.79532965274219], [-0.335705709251219, 50.816714845613284], [-0.839040127190405, 50.72180136294727], [-1.103359904679114, 50.816714845613284], [-1.372512188347632, 50.766273103669924], [-2.085358705910497, 50.702823244050784], [-2.023685899170691, 50.570010744050784], [-2.431994643601233, 50.64588888736133], [-2.550505128296667, 50.570010744050784], [-2.960618939789587, 50.72180136294727], [-3.110884395035559, 50.65736349673633], [-3.131739111068131, 50.655335218208585], [-3.188912504599814, 51.17873152457686], [-3.066043343933874, 51.177737794832034], [-3.033148970993811, 51.32989462466602], [-2.894663300904089, 51.39384802432422], [-2.750154700669104, 51.644027315095705], [-3.172751632126623, 51.46690710635547], [-3.290847904894552, 51.464283047650085], [-2.931635056301734, 51.95448765608269], [-1.837933360418885, 52.88378454833168], [-0.977718543432374, 53.348445936811785]]]]}, "properties": {"period_year": 400, "label": "Western Roman Empire"}}]}